pais;fecha;confirmados;muertes;indice
Afghanistan;1/04/20;1952.0;60.0;80.74
Afghanistan;1/05/20;13081.0;194.0;84.26
Afghanistan;1/06/20;16299.0;494.0;80.18
Afghanistan;1/07/20;5158.0;532.0;78.7
Afghanistan;1/08/20;1494.0;119.0;55.4
Afghanistan;1/09/20;1109.0;57.0;23.52
Afghanistan;1/10/20;2157.0;78.0;17.05
Afghanistan;1/11/20;4849.0;257.0;11.29
Afghanistan;1/12/20;5252.0;396.0;12.04
Afghanistan;1/01/21;3497.0;209.0;12.04
Afghanistan;1/02/21;336.0;13.0;12.04
Albania;1/04/20;530.0;16.0;86.66
Albania;1/05/20;364.0;2.0;87.42
Albania;1/06/20;1398.0;29.0;70.46
Albania;1/07/20;2741.0;95.0;63.85
Albania;1/08/20;4237.0;127.0;58.12
Albania;1/09/20;4136.0;103.0;54.63
Albania;1/10/20;7226.0;122.0;54.63
Albania;1/11/20;17307.0;301.0;60.3
Albania;1/12/20;20134.0;371.0;62.45
Albania;1/01/21;19811.0;199.0;59.07
Albania;1/02/21;8162.0;92.0;60.19
Algeria;1/04/20;3290.0;406.0;86.15
Algeria;1/05/20;5388.0;203.0;77.56
Algeria;1/06/20;4513.0;259.0;70.55
Algeria;1/07/20;16487.0;298.0;72.54
Algeria;1/08/20;14100.0;300.0;79.98
Algeria;1/09/20;7036.0;226.0;75.93
Algeria;1/10/20;6412.0;228.0;75.63
Algeria;1/11/20;25257.0;467.0;71.69
Algeria;1/12/20;16411.0;325.0;72.22
Algeria;1/01/21;7729.0;135.0;72.22
Algeria;1/02/21;1974.0;27.0;72.22
Andorra;1/04/20;369.0;28.0;52.97
Andorra;1/05/20;19.0;6.0;51.49
Andorra;1/06/20;91.0;1.0;43.64
Andorra;1/07/20;70.0;0.0;41.67
Andorra;1/08/20;251.0;1.0;41.67
Andorra;1/09/20;874.0;0.0;44.64
Andorra;1/10/20;2706.0;21.0;54.74
Andorra;1/11/20;1989.0;1.0;58.57
Andorra;1/12/20;1304.0;8.0;53.52
Andorra;1/01/21;1888.0;17.0;52.78
Andorra;1/02/21;338.0;5.0;0
Angola;1/04/20;20.0;0.0;88.33
Angola;1/05/20;59.0;2.0;79.06
Angola;1/06/20;198.0;9.0;76.08
Angola;1/07/20;864.0;39.0;76.5
Angola;1/08/20;1506.0;56.0;78.18
Angola;1/09/20;2318.0;75.0;78.01
Angola;1/10/20;5600.0;104.0;69.7
Angola;1/11/20;4334.0;64.0;59.21
Angola;1/12/20;2414.0;57.0;65.2
Angola;1/01/21;2243.0;61.0;64.53
Angola;1/02/21;316.0;9.0;62.96
Argentina;1/04/20;3374.0;188.0;98.28
Argentina;1/05/20;12423.0;321.0;90.26
Argentina;1/06/20;47679.0;768.0;89.13
Argentina;1/07/20;126772.0;2236.0;91.51
Argentina;1/08/20;226433.0;5117.0;88.25
Argentina;1/09/20;333266.0;8277.0;87.96
Argentina;1/10/20;415923.0;14065.0;83.95
Argentina;1/11/20;257609.0;7728.0;79.63
Argentina;1/12/20;200981.0;4515.0;79.17
Argentina;1/01/21;301725.0;4729.0;79.17
Argentina;1/02/21;58262.0;1424.0;79.17
Australia;1/04/20;2207.0;75.0;71.48
Australia;1/05/20;436.0;10.0;67.35
Australia;1/06/20;699.0;2.0;54.77
Australia;1/07/20;9360.0;97.0;69.81
Australia;1/08/20;8539.0;456.0;75.1
Australia;1/09/20;1277.0;231.0;74.72
Australia;1/10/20;499.0;19.0;64.23
Australia;1/11/20;317.0;1.0;49.98
Australia;1/12/20;513.0;1.0;63.21
Australia;1/01/21;393.0;0.0;58.13
Australia;1/02/21;42.0;0.0;54.62
Austria;1/04/20;5272.0;456.0;78.64
Austria;1/05/20;1279.0;84.0;60.6
Austria;1/06/20;1035.0;37.0;47.74
Austria;1/07/20;3280.0;14.0;38.79
Austria;1/08/20;6308.0;15.0;35.19
Austria;1/09/20;17375.0;66.0;36.63
Austria;1/10/20;59216.0;311.0;51.51
Austria;1/11/20;177531.0;2075.0;78.11
Austria;1/12/20;78359.0;3038.0;75.6
Austria;1/01/21;53583.0;1499.0;81.57
Austria;1/02/21;10498.0;311.0;78.7
Azerbaijan;1/04/20;1506.0;19.0;89.78
Azerbaijan;1/05/20;3690.0;39.0;82.55
Azerbaijan;1/06/20;12030.0;150.0;85.74
Azerbaijan;1/07/20;14354.0;235.0;95.94
Azerbaijan;1/08/20;4557.0;86.0;87.6
Azerbaijan;1/09/20;3794.0;57.0;77.19
Azerbaijan;1/10/20;15040.0;139.0;66.76
Azerbaijan;1/11/20;65907.0;662.0;66.01
Azerbaijan;1/12/20;97524.0;1249.0;79.13
Azerbaijan;1/01/21;11519.0;491.0;85.09
Azerbaijan;1/02/21;979.0;29.0;80.56
Bahamas;1/04/20;67.0;11.0;96.3
Bahamas;1/05/20;21.0;0.0;95.55
Bahamas;1/06/20;2.0;0.0;80.55
Bahamas;1/07/20;470.0;3.0;70.38
Bahamas;1/08/20;1643.0;36.0;82.1
Bahamas;1/09/20;1906.0;46.0;76.69
Bahamas;1/10/20;2591.0;48.0;71.98
Bahamas;1/11/20;827.0;19.0;68.98
Bahamas;1/12/20;330.0;7.0;68.98
Bahamas;1/01/21;303.0;6.0;68.98
Bahamas;1/02/21;115.0;0.0;68.98
Bahrain;1/04/20;2473.0;4.0;75.98
Bahrain;1/05/20;8358.0;11.0;75
Bahrain;1/06/20;15360.0;68.0;75
Bahrain;1/07/20;14224.0;60.0;70.51
Bahrain;1/08/20;10990.0;43.0;66.75
Bahrain;1/09/20;18892.0;61.0;61.29
Bahrain;1/10/20;10781.0;70.0;59.83
Bahrain;1/11/20;5311.0;20.0;54.63
Bahrain;1/12/20;5719.0;11.0;52.48
Bahrain;1/01/21;10382.0;23.0;51.96
Bahrain;1/02/21;4991.0;8.0;0
Bangladesh;1/04/20;7616.0;163.0;91.48
Bangladesh;1/05/20;39486.0;482.0;90.61
Bangladesh;1/06/20;98330.0;1197.0;68.75
Bangladesh;1/07/20;92178.0;1264.0;77.4
Bangladesh;1/08/20;75335.0;1170.0;80.09
Bangladesh;1/09/20;50483.0;970.0;80.09
Bangladesh;1/10/20;44205.0;672.0;80.09
Bangladesh;1/11/20;57248.0;721.0;80.09
Bangladesh;1/12/20;48578.0;915.0;80.09
Bangladesh;1/01/21;21629.0;568.0;80.09
Bangladesh;1/02/21;3239.0;94.0;0
Barbados;1/04/20;47.0;6.0;86.47
Barbados;1/05/20;11.0;0.0;82.4
Barbados;1/06/20;5.0;0.0;70.83
Barbados;1/07/20;13.0;0.0;53.57
Barbados;1/08/20;64.0;0.0;44.28
Barbados;1/09/20;16.0;0.0;38.55
Barbados;1/10/20;47.0;0.0;32.01
Barbados;1/11/20;39.0;0.0;40.74
Barbados;1/12/20;107.0;0.0;41.02
Barbados;1/01/21;1162.0;7.0;61.91
Barbados;1/02/21;187.0;4.0;71.95
Belarus;1/04/20;13875.0;88.0;16.35
Belarus;1/05/20;28529.0;146.0;16.67
Belarus;1/06/20;19562.0;157.0;16.67
Belarus;1/07/20;5690.0;167.0;16.67
Belarus;1/08/20;4035.0;122.0;16.67
Belarus;1/09/20;6788.0;152.0;16.67
Belarus;1/10/20;19851.0;147.0;17.24
Belarus;1/11/20;38165.0;178.0;22.22
Belarus;1/12/20;57637.0;266.0;23.65
Belarus;1/01/21;54052.0;294.0;27.78
Belarus;1/02/21;11163.0;74.0;27.78
Belgium;1/04/20;35744.0;6889.0;81.48
Belgium;1/05/20;9862.0;1873.0;76.55
Belgium;1/06/20;3046.0;280.0;57.43
Belgium;1/07/20;7324.0;94.0;51.48
Belgium;1/08/20;15902.0;171.0;59.04
Belgium;1/09/20;33216.0;121.0;52.59
Belgium;1/10/20;310777.0;1609.0;49.9
Belgium;1/11/20;148116.0;5020.0;64.5
Belgium;1/12/20;69151.0;2883.0;60.19
Belgium;1/01/21;63657.0;1564.0;60.19
Belgium;1/02/21;16330.0;331.0;60.19
Belize;1/04/20;15.0;2.0;75
Belize;1/05/20;0.0;0.0;0
Belize;1/06/20;6.0;0.0;74.07
Belize;1/07/20;24.0;0.0;69.44
Belize;1/08/20;959.0;11.0;72.19
Belize;1/09/20;985.0;14.0;72.24
Belize;1/10/20;1495.0;32.0;68.26
Belize;1/11/20;2367.0;89.0;67.22
Belize;1/12/20;4922.0;100.0;72.22
Belize;1/01/21;1132.0;53.0;72.22
Belize;1/02/21;162.0;6.0;0
Benin;1/04/20;55.0;1.0;70.83
Benin;1/05/20;377.0;2.0;63.16
Benin;1/06/20;967.0;18.0;42.35
Benin;1/07/20;606.0;15.0;41.67
Benin;1/08/20;340.0;4.0;41.67
Benin;1/09/20;212.0;1.0;44.75
Benin;1/10/20;286.0;0.0;46.48
Benin;1/11/20;372.0;2.0;38.42
Benin;1/12/20;236.0;1.0;37.56
Benin;1/01/21;642.0;8.0;28.76
Benin;1/02/21;300.0;3.0;26.39
Bhutan;1/04/20;3.0;0.0;83.33
Bhutan;1/05/20;36.0;0.0;83.33
Bhutan;1/06/20;34.0;0.0;83.33
Bhutan;1/07/20;24.0;0.0;65.74
Bhutan;1/08/20;124.0;0.0;88.65
Bhutan;1/09/20;57.0;0.0;85.64
Bhutan;1/10/20;67.0;0.0;77.78
Bhutan;1/11/20;61.0;0.0;69.67
Bhutan;1/12/20;260.0;0.0;71.23
Bhutan;1/01/21;189.0;1.0;77.6
Bhutan;1/02/21;2.0;0.0;43.06
Bolivia;1/04/20;1060.0;56.0;96.3
Bolivia;1/05/20;8815.0;251.0;95.67
Bolivia;1/06/20;23237.0;810.0;89.29
Bolivia;1/07/20;43570.0;1854.0;89.81
Bolivia;1/08/20;39809.0;2050.0;89.81
Bolivia;1/09/20;18713.0;2938.0;81.48
Bolivia;1/10/20;6446.0;760.0;81.48
Bolivia;1/11/20;2951.0;232.0;82.3
Bolivia;1/12/20;15416.0;208.0;48.47
Bolivia;1/01/21;56711.0;1214.0;33.43
Bolivia;1/02/21;12352.0;485.0;13.89
Bosnia and Herzegovina;1/04/20;1337.0;56.0;91.32
Bosnia and Herzegovina;1/05/20;753.0;84.0;79.36
Bosnia and Herzegovina;1/06/20;1943.0;33.0;53.11
Bosnia and Herzegovina;1/07/20;7423.0;153.0;56.58
Bosnia and Herzegovina;1/08/20;8088.0;270.0;56.83
Bosnia and Herzegovina;1/09/20;7505.0;247.0;41.85
Bosnia and Herzegovina;1/10/20;22621.0;378.0;41.29
Bosnia and Herzegovina;1/11/20;37811.0;1447.0;47.53
Bosnia and Herzegovina;1/12/20;22864.0;1380.0;46.42
Bosnia and Herzegovina;1/01/21;10512.0;629.0;42.59
Bosnia and Herzegovina;1/02/21;2604.0;134.0;42.59
Botswana;1/04/20;19.0;0.0;86.11
Botswana;1/05/20;12.0;0.0;69.25
Botswana;1/06/20;192.0;0.0;59.81
Botswana;1/07/20;577.0;1.0;56.6
Botswana;1/08/20;829.0;4.0;52.22
Botswana;1/09/20;1539.0;10.0;56.25
Botswana;1/10/20;3470.0;6.0;62.5
Botswana;1/11/20;4100.0;10.0;52.78
Botswana;1/12/20;4063.0;8.0;50.71
Botswana;1/01/21;6488.0;92.0;53.7
Botswana;1/02/21;3142.0;45.0;53.7
Brazil;1/04/20;81470.0;5805.0;75
Brazil;1/05/20;427662.0;23308.0;80.54
Brazil;1/06/20;887192.0;30280.0;77.31
Brazil;1/07/20;1260444.0;32881.0;79.97
Brazil;1/08/20;1245787.0;28906.0;72
Brazil;1/09/20;902663.0;22571.0;69.23
Brazil;1/10/20;724670.0;15932.0;62.47
Brazil;1/11/20;800273.0;13236.0;56.05
Brazil;1/12/20;1340095.0;21829.0;63.78
Brazil;1/01/21;1528758.0;29555.0;67.68
Brazil;1/02/21;319909.0;7030.0;0
Brunei;1/04/20;9.0;0.0;54.36
Brunei;1/05/20;3.0;0.0;58.33
Brunei;1/06/20;0.0;0.0;0
Brunei;1/07/20;0.0;0.0;0
Brunei;1/08/20;3.0;0.0;40.43
Brunei;1/09/20;2.0;0.0;36.57
Brunei;1/10/20;2.0;0.0;35.19
Brunei;1/11/20;2.0;0.0;35.19
Brunei;1/12/20;7.0;0.0;35.19
Brunei;1/01/21;23.0;0.0;35.19
Brunei;1/02/21;2.0;0.0;35.19
Bulgaria;1/04/20;1107.0;58.0;72.28
Bulgaria;1/05/20;1007.0;74.0;61.23
Bulgaria;1/06/20;2476.0;90.0;39.44
Bulgaria;1/07/20;6701.0;153.0;37.63
Bulgaria;1/08/20;4576.0;246.0;39.17
Bulgaria;1/09/20;4567.0;196.0;36.91
Bulgaria;1/10/20;32011.0;454.0;37.31
Bulgaria;1/11/20;92456.0;2756.0;49.26
Bulgaria;1/12/20;56966.0;3541.0;53.91
Bulgaria;1/01/21;16482.0;1469.0;53.7
Bulgaria;1/02/21;6101.0;375.0;48.15
Burkina Faso;1/04/20;384.0;29.0;84.26
Burkina Faso;1/05/20;202.0;10.0;67.84
Burkina Faso;1/06/20;115.0;0.0;45.37
Burkina Faso;1/07/20;144.0;0.0;45.37
Burkina Faso;1/08/20;262.0;2.0;50.23
Burkina Faso;1/09/20;688.0;3.0;39.12
Burkina Faso;1/10/20;444.0;9.0;29.2
Burkina Faso;1/11/20;386.0;1.0;22.22
Burkina Faso;1/12/20;3821.0;17.0;13.89
Burkina Faso;1/01/21;3975.0;35.0;15.71
Burkina Faso;1/02/21;627.0;14.0;14.28
Burundi;1/04/20;9.0;0.0;13.89
Burundi;1/05/20;52.0;0.0;13.89
Burundi;1/06/20;107.0;0.0;13.89
Burundi;1/07/20;217.0;0.0;13.89
Burundi;1/08/20;58.0;0.0;11.11
Burundi;1/09/20;63.0;0.0;13.93
Burundi;1/10/20;77.0;0.0;14.81
Burundi;1/11/20;103.0;0.0;14.81
Burundi;1/12/20;130.0;1.0;14.81
Burundi;1/01/21;814.0;0.0;15.43
Burundi;1/02/21;96.0;1.0;24.07
Cambodia;1/04/20;13.0;0.0;62.56
Cambodia;1/05/20;3.0;0.0;57.41
Cambodia;1/06/20;16.0;0.0;40.74
Cambodia;1/07/20;98.0;0.0;38.89
Cambodia;1/08/20;35.0;0.0;45.47
Cambodia;1/09/20;3.0;0.0;37.04
Cambodia;1/10/20;14.0;0.0;35.37
Cambodia;1/11/20;35.0;0.0;40.62
Cambodia;1/12/20;52.0;0.0;57.63
Cambodia;1/01/21;88.0;0.0;52.21
Cambodia;1/02/21;10.0;0.0;50.93
Cameroon;1/04/20;1639.0;31.0;67.9
Cameroon;1/05/20;4072.0;128.0;63.89
Cameroon;1/06/20;6688.0;122.0;60.19
Cameroon;1/07/20;4663.0;78.0;60.19
Cameroon;1/08/20;1887.0;20.0;59.95
Cameroon;1/09/20;1696.0;7.0;55.44
Cameroon;1/10/20;955.0;8.0;45.37
Cameroon;1/11/20;2652.0;11.0;40.4
Cameroon;1/12/20;1832.0;11.0;22.39
Cameroon;1/01/21;3340.0;14.0;28.7
Cameroon;1/02/21;1777.0;12.0;24.07
Canada;1/04/20;45930.0;4027.0;72.87
Canada;1/05/20;38022.0;3727.0;71.43
Canada;1/06/20;13618.0;874.0;70.27
Canada;1/07/20;12184.0;245.0;67.6
Canada;1/08/20;12637.0;168.0;66.86
Canada;1/09/20;30189.0;198.0;64.29
Canada;1/10/20;76206.0;885.0;63.43
Canada;1/11/20;144244.0;1963.0;65.03
Canada;1/12/20;202852.0;3523.0;67.13
Canada;1/01/21;199286.0;4279.0;73.34
Canada;1/02/21;29109.0;789.0;75.46
Cape Verde;1/04/20;115.0;0.0;79.63
Cape Verde;1/05/20;314.0;2.0;80.41
Cape Verde;1/06/20;792.0;11.0;79.17
Cape Verde;1/07/20;1224.0;8.0;72.41
Cape Verde;1/08/20;1433.0;17.0;65.28
Cape Verde;1/09/20;2140.0;20.0;68.79
Cape Verde;1/10/20;2769.0;35.0;68.92
Cape Verde;1/11/20;1968.0;10.0;71.3
Cape Verde;1/12/20;1079.0;8.0;67.53
Cape Verde;1/01/21;2230.0;21.0;63.73
Cape Verde;1/02/21;381.0;2.0;59.26
Central African Republic;1/04/20;47.0;0.0;68.52
Central African Republic;1/05/20;961.0;2.0;74.76
Central African Republic;1/06/20;2734.0;45.0;68.36
Central African Republic;1/07/20;863.0;12.0;56.51
Central African Republic;1/08/20;103.0;2.0;50.93
Central African Republic;1/09/20;118.0;0.0;53.49
Central African Republic;1/10/20;37.0;0.0;40.27
Central African Republic;1/11/20;47.0;1.0;23.65
Central African Republic;1/12/20;50.0;0.0;18.78
Central African Republic;1/01/21;18.0;0.0;22.22
Central African Republic;1/02/21;8.0;0.0;0
Chad;1/04/20;66.0;5.0;65.74
Chad;1/05/20;705.0;60.0;80.4
Chad;1/06/20;88.0;8.0;72.99
Chad;1/07/20;70.0;1.0;68.11
Chad;1/08/20;77.0;2.0;64.81
Chad;1/09/20;187.0;8.0;70.59
Chad;1/10/20;283.0;13.0;73.61
Chad;1/11/20;205.0;3.0;70.37
Chad;1/12/20;425.0;3.0;67.38
Chad;1/01/21;1263.0;14.0;71.5
Chad;1/02/21;132.0;7.0;74.07
Chile;1/04/20;14858.0;215.0;73.15
Chile;1/05/20;105848.0;827.0;76.56
Chile;1/06/20;155843.0;4634.0;78.24
Chile;1/07/20;76274.0;3769.0;85.43
Chile;1/08/20;56059.0;1832.0;83.55
Chile;1/09/20;51265.0;1452.0;81.94
Chile;1/10/20;47265.0;1466.0;81.94
Chile;1/11/20;41487.0;1203.0;80.46
Chile;1/12/20;57230.0;1198.0;76.03
Chile;1/01/21;118136.0;1844.0;79.17
Chile;1/02/21;28241.0;604.0;79.17
China;1/04/20;1677.0;1328.0;60.21
China;1/05/20;190.0;1.0;74.24
China;1/06/20;640.0;3.0;78.5
China;1/07/20;2870.0;20.0;78.24
China;1/08/20;2259.0;62.0;78.24
China;1/09/20;631.0;16.0;60.09
China;1/10/20;821.0;0.0;63.06
China;1/11/20;1536.0;4.0;69.47
China;1/12/20;3061.0;39.0;79.07
China;1/01/21;4100.0;35.0;78.24
China;1/02/21;372.0;5.0;0
Colombia;1/04/20;5601.0;277.0;87
Colombia;1/05/20;22876.0;646.0;87.63
Colombia;1/06/20;68463.0;2395.0;87.04
Colombia;1/07/20;197662.0;6771.0;87.04
Colombia;1/08/20;319586.0;9557.0;87.04
Colombia;1/09/20;214585.0;6336.0;71.3
Colombia;1/10/20;244505.0;5316.0;68.96
Colombia;1/11/20;242622.0;5452.0;64.81
Colombia;1/12/20;325969.0;6447.0;60.19
Colombia;1/01/21;452109.0;10770.0;76.98
Colombia;1/02/21;66578.0;2307.0;81.02
Congo;1/04/20;201.0;9.0;97.22
Congo;1/05/20;391.0;11.0;89.81
Congo;1/06/20;476.0;17.0;73.15
Congo;1/07/20;2113.0;17.0;70.92
Congo;1/08/20;779.0;24.0;66
Congo;1/09/20;1110.0;30.0;61.48
Congo;1/10/20;201.0;3.0;51.85
Congo;1/11/20;484.0;2.0;45.92
Congo;1/12/20;1333.0;14.0;44.63
Congo;1/01/21;780.0;9.0;43.52
Congo;1/02/21;173.0;5.0;43.52
Costa Rica;1/04/20;372.0;4.0;76.76
Costa Rica;1/05/20;337.0;4.0;72.22
Costa Rica;1/06/20;2403.0;6.0;72.45
Costa Rica;1/07/20;14361.0;134.0;73.61
Costa Rica;1/08/20;23467.0;286.0;69.07
Costa Rica;1/09/20;34473.0;468.0;62.17
Costa Rica;1/10/20;34211.0;481.0;59.05
Costa Rica;1/11/20;29667.0;341.0;55.56
Costa Rica;1/12/20;29683.0;459.0;55.93
Costa Rica;1/01/21;23955.0;419.0;63.89
Costa Rica;1/02/21;4159.0;88.0;0
Cote d'Ivoire;1/04/20;1096.0;13.0;80.56
Cote d'Ivoire;1/05/20;1558.0;19.0;69.68
Cote d'Ivoire;1/06/20;6666.0;35.0;64.24
Cote d'Ivoire;1/07/20;6548.0;34.0;59.03
Cote d'Ivoire;1/08/20;2020.0;15.0;34.31
Cote d'Ivoire;1/09/20;1657.0;3.0;37.72
Cote d'Ivoire;1/10/20;992.0;6.0;34.31
Cote d'Ivoire;1/11/20;615.0;6.0;25
Cote d'Ivoire;1/12/20;1193.0;5.0;20.21
Cote d'Ivoire;1/01/21;5909.0;17.0;17.39
Cote d'Ivoire;1/02/21;1568.0;11.0;17.59
Croatia;1/04/20;1209.0;63.0;95.43
Croatia;1/05/20;170.0;31.0;76.59
Croatia;1/06/20;531.0;0.0;54.26
Croatia;1/07/20;2362.0;38.0;45.04
Croatia;1/08/20;5130.0;41.0;35.19
Croatia;1/09/20;6324.0;94.0;29.99
Croatia;1/10/20;32723.0;266.0;29.23
Croatia;1/11/20;79126.0;1240.0;34.22
Croatia;1/12/20;82395.0;2134.0;49.37
Croatia;1/01/21;21589.0;1107.0;49.25
Croatia;1/02/21;3047.0;171.0;47.22
Cuba;1/04/20;1315.0;55.0;76.23
Cuba;1/05/20;544.0;22.0;94.98
Cuba;1/06/20;296.0;3.0;93.98
Cuba;1/07/20;267.0;1.0;67.96
Cuba;1/08/20;1369.0;8.0;77.71
Cuba;1/09/20;1565.0;28.0;85.61
Cuba;1/10/20;1290.0;6.0;68.12
Cuba;1/11/20;1397.0;7.0;59.53
Cuba;1/12/20;3579.0;11.0;56.48
Cuba;1/01/21;14823.0;68.0;75.29
Cuba;1/02/21;6798.0;26.0;86.5
Cyprus;1/04/20;568.0;9.0;93.54
Cyprus;1/05/20;94.0;2.0;88.29
Cyprus;1/06/20;54.0;0.0;63.6
Cyprus;1/07/20;116.0;0.0;48.14
Cyprus;1/08/20;391.0;1.0;48.05
Cyprus;1/09/20;267.0;2.0;53.2
Cyprus;1/10/20;2611.0;4.0;54.92
Cyprus;1/11/20;6083.0;30.0;70.65
Cyprus;1/12/20;11454.0;70.0;71.11
Cyprus;1/01/21;8857.0;80.0;81.2
Cyprus;1/02/21;988.0;15.0;80.56
Czechia;1/04/20;4374.0;205.0;68.45
Czechia;1/05/20;1475.0;85.0;54.6
Czechia;1/06/20;2297.0;33.0;39.59
Czechia;1/07/20;4424.0;38.0;36.11
Czechia;1/08/20;7437.0;46.0;36.11
Czechia;1/09/20;46145.0;231.0;38.24
Czechia;1/10/20;264339.0;2596.0;54.3
Czechia;1/11/20;188196.0;5044.0;71.54
Czechia;1/12/20;195363.0;3285.0;65.61
Czechia;1/01/21;266113.0;4728.0;69.61
Czechia;1/02/21;52631.0;1025.0;72.22
Democratic Republic of Congo;1/04/20;474.0;23.0;80.23
Democratic Republic of Congo;1/05/20;2498.0;41.0;80.56
Democratic Republic of Congo;1/06/20;3969.0;98.0;80.56
Democratic Republic of Congo;1/07/20;2031.0;45.0;71.93
Democratic Republic of Congo;1/08/20;1027.0;43.0;48.74
Democratic Republic of Congo;1/09/20;562.0;14.0;45.62
Democratic Republic of Congo;1/10/20;647.0;35.0;43.91
Democratic Republic of Congo;1/11/20;1466.0;26.0;22.22
Democratic Republic of Congo;1/12/20;4886.0;258.0;21.41
Democratic Republic of Congo;1/01/21;5113.0;80.0;25.83
Democratic Republic of Congo;1/02/21;900.0;10.0;32.41
Denmark;1/04/20;6317.0;362.0;70.24
Denmark;1/05/20;2435.0;128.0;63.89
Denmark;1/06/20;1099.0;31.0;57.41
Denmark;1/07/20;1060.0;10.0;55.24
Denmark;1/08/20;3382.0;9.0;50.93
Denmark;1/09/20;11069.0;26.0;49.92
Denmark;1/10/20;18384.0;71.0;43.25
Denmark;1/11/20;34139.0;116.0;46.26
Denmark;1/12/20;83114.0;461.0;50.17
Denmark;1/01/21;35040.0;828.0;67.89
Denmark;1/02/21;3581.0;91.0;66.67
Djibouti;1/04/20;1059.0;2.0;94.44
Djibouti;1/05/20;2265.0;22.0;79.55
Djibouti;1/06/20;1328.0;30.0;59.26
Djibouti;1/07/20;402.0;4.0;55.41
Djibouti;1/08/20;303.0;2.0;50.93
Djibouti;1/09/20;29.0;1.0;50.93
Djibouti;1/10/20;145.0;0.0;45.44
Djibouti;1/11/20;118.0;0.0;42.18
Djibouti;1/12/20;152.0;0.0;37.96
Djibouti;1/01/21;101.0;2.0;37.96
Djibouti;1/02/21;18.0;0.0;37.96
Dominica;1/04/20;4.0;0.0;79.63
Dominica;1/05/20;0.0;0.0;0
Dominica;1/06/20;2.0;0.0;72.22
Dominica;1/07/20;0.0;0.0;0
Dominica;1/08/20;2.0;0.0;36.11
Dominica;1/09/20;10.0;0.0;31.17
Dominica;1/10/20;20.0;0.0;30.68
Dominica;1/11/20;35.0;0.0;32.67
Dominica;1/12/20;3.0;0.0;50.93
Dominica;1/01/21;29.0;0.0;29.01
Dominica;1/02/21;4.0;0.0;29.63
Dominican Republic;1/04/20;5863.0;250.0;94.63
Dominican Republic;1/05/20;10313.0;201.0;94.74
Dominican Republic;1/06/20;15283.0;245.0;86.66
Dominican Republic;1/07/20;37081.0;413.0;76.43
Dominican Republic;1/08/20;25066.0;550.0;78.7
Dominican Republic;1/09/20;17494.0;395.0;78.7
Dominican Republic;1/10/20;14809.0;140.0;69.81
Dominican Republic;1/11/20;16970.0;86.0;65.64
Dominican Republic;1/12/20;26797.0;83.0;65.64
Dominican Republic;1/01/21;43275.0;252.0;70.37
Dominican Republic;1/02/21;10059.0;177.0;70.37
Ecuador;1/04/20;22694.0;825.0;93.52
Ecuador;1/05/20;17277.0;2305.0;87.03
Ecuador;1/06/20;17334.0;1169.0;81.94
Ecuador;1/07/20;28923.0;1175.0;79.3
Ecuador;1/08/20;28412.0;854.0;75.37
Ecuador;1/09/20;31233.0;947.0;60.11
Ecuador;1/10/20;31145.0;1315.0;52.06
Ecuador;1/11/20;24493.0;791.0;52.78
Ecuador;1/12/20;19827.0;573.0;61.5
Ecuador;1/01/21;38316.0;825.0;69.9
Ecuador;1/02/21;7779.0;154.0;0
Egypt;1/04/20;4827.0;346.0;84.26
Egypt;1/05/20;19448.0;567.0;84.26
Egypt;1/06/20;43326.0;1994.0;73.89
Egypt;1/07/20;25767.0;1852.0;60.19
Egypt;1/08/20;4861.0;616.0;62.78
Egypt;1/09/20;4259.0;509.0;62.96
Egypt;1/10/20;4357.0;336.0;69.71
Egypt;1/11/20;8356.0;384.0;60.71
Egypt;1/12/20;22151.0;981.0;61.98
Egypt;1/01/21;27889.0;1685.0;60.72
Egypt;1/02/21;4256.0;383.0;54.63
El Salvador;1/04/20;363.0;9.0;90.67
El Salvador;1/05/20;2122.0;36.0;98.92
El Salvador;1/06/20;3921.0;128.0;93.61
El Salvador;1/07/20;10194.0;274.0;89.81
El Salvador;1/08/20;9097.0;269.0;87.42
El Salvador;1/09/20;3348.0;121.0;73.31
El Salvador;1/10/20;4368.0;91.0;52.78
El Salvador;1/11/20;4960.0;62.0;51.98
El Salvador;1/12/20;7555.0;115.0;47.22
El Salvador;1/01/21;9006.0;180.0;47.05
El Salvador;1/02/21;1687.0;55.0;46.3
Eritrea;1/04/20;24.0;0.0;93.52
Eritrea;1/05/20;0.0;0.0;0
Eritrea;1/06/20;164.0;0.0;93.52
Eritrea;1/07/20;76.0;0.0;90.34
Eritrea;1/08/20;40.0;0.0;89.81
Eritrea;1/09/20;56.0;0.0;87.5
Eritrea;1/10/20;88.0;0.0;80.86
Eritrea;1/11/20;114.0;0.0;77.5
Eritrea;1/12/20;743.0;3.0;78.7
Eritrea;1/01/21;815.0;4.0;88.67
Eritrea;1/02/21;191.0;0.0;89.81
Estonia;1/04/20;944.0;48.0;77.4
Estonia;1/05/20;180.0;16.0;59.46
Estonia;1/06/20;120.0;1.0;40.54
Estonia;1/07/20;75.0;0.0;25.44
Estonia;1/08/20;304.0;1.0;23.15
Estonia;1/09/20;996.0;0.0;24.72
Estonia;1/10/20;1534.0;9.0;25.93
Estonia;1/11/20;7403.0;45.0;32.43
Estonia;1/12/20;15682.0;111.0;48.83
Estonia;1/01/21;16218.0;190.0;49.1
Estonia;1/02/21;4059.0;47.0;41.97
Eswatini;1/04/20;91.0;1.0;85.74
Eswatini;1/05/20;185.0;1.0;84.26
Eswatini;1/06/20;527.0;9.0;84.26
Eswatini;1/07/20;1836.0;30.0;81.39
Eswatini;1/08/20;1929.0;50.0;73.44
Eswatini;1/09/20;905.0;18.0;64.81
Eswatini;1/10/20;435.0;8.0;55.13
Eswatini;1/11/20;502.0;5.0;45.98
Eswatini;1/12/20;2939.0;83.0;51.55
Eswatini;1/01/21;6353.0;360.0;71.11
Eswatini;1/02/21;523.0;42.0;74.3
Ethiopia;1/04/20;105.0;3.0;77.98
Ethiopia;1/05/20;1041.0;8.0;80.56
Ethiopia;1/06/20;4674.0;92.0;80.56
Ethiopia;1/07/20;11684.0;171.0;80.56
Ethiopia;1/08/20;34601.0;535.0;80.56
Ethiopia;1/09/20;23237.0;389.0;78.7
Ethiopia;1/10/20;20801.0;271.0;64.03
Ethiopia;1/11/20;13905.0;237.0;53.51
Ethiopia;1/12/20;14190.0;217.0;51.85
Ethiopia;1/01/21;13386.0;170.0;45.75
Ethiopia;1/02/21;5344.0;63.0;43.52
Fiji;1/04/20;13.0;0.0;88.89
Fiji;1/05/20;0.0;0.0;0
Fiji;1/06/20;0.0;0.0;0
Fiji;1/07/20;9.0;0.0;54.86
Fiji;1/08/20;1.0;0.0;54.63
Fiji;1/09/20;4.0;0.0;51.85
Fiji;1/10/20;2.0;0.0;49.07
Fiji;1/11/20;8.0;0.0;49.07
Fiji;1/12/20;7.0;0.0;41.67
Fiji;1/01/21;6.0;0.0;41.67
Fiji;1/02/21;1.0;0.0;41.67
Finland;1/04/20;3328.0;195.0;63.82
Finland;1/05/20;1864.0;109.0;55.88
Finland;1/06/20;329.0;9.0;39.3
Finland;1/07/20;226.0;2.0;36.33
Finland;1/08/20;654.0;7.0;33.57
Finland;1/09/20;1806.0;9.0;32.41
Finland;1/10/20;5902.0;16.0;35.87
Finland;1/11/20;8799.0;41.0;41.28
Finland;1/12/20;11195.0;162.0;51.47
Finland;1/01/21;9131.0;110.0;52.31
Finland;1/02/21;2731.0;17.0;0
France;1/04/20;140313.0;17412.0;87.96
France;1/05/20;22052.0;4753.0;80.29
France;1/06/20;17548.0;854.0;66.28
France;1/07/20;22389.0;436.0;48.08
France;1/08/20;93921.0;378.0;47.37
France;1/09/20;275899.0;1353.0;48.38
France;1/10/20;801855.0;4870.0;50.18
France;1/11/20;908586.0;16023.0;78.31
France;1/12/20;400792.0;11941.0;70.18
France;1/01/21;578254.0;11442.0;63.89
France;1/02/21;144404.0;3370.0;63.89
Gabon;1/04/20;260.0;2.0;76.49
Gabon;1/05/20;2379.0;14.0;79.59
Gabon;1/06/20;2739.0;25.0;78.29
Gabon;1/07/20;1958.0;7.0;74.07
Gabon;1/08/20;1181.0;4.0;74.07
Gabon;1/09/20;233.0;1.0;74.07
Gabon;1/10/20;202.0;1.0;73.07
Gabon;1/11/20;246.0;5.0;67.52
Gabon;1/12/20;357.0;4.0;64.24
Gabon;1/01/21;1177.0;4.0;49.3
Gabon;1/02/21;1088.0;3.0;47.22
Gambia;1/04/20;7.0;0.0;78.7
Gambia;1/05/20;14.0;0.0;78.47
Gambia;1/06/20;24.0;1.0;72.71
Gambia;1/07/20;449.0;7.0;53.42
Gambia;1/08/20;2565.0;87.0;72.93
Gambia;1/09/20;616.0;16.0;73.76
Gambia;1/10/20;93.0;7.0;67.94
Gambia;1/11/20;70.0;4.0;42.47
Gambia;1/12/20;55.0;1.0;39.41
Gambia;1/01/21;293.0;4.0;43.98
Gambia;1/02/21;212.0;7.0;45.37
Georgia;1/04/20;429.0;6.0;99.5
Georgia;1/05/20;244.0;6.0;91.37
Georgia;1/06/20;145.0;3.0;62.64
Georgia;1/07/20;240.0;2.0;54.26
Georgia;1/08/20;319.0;2.0;55.61
Georgia;1/09/20;4705.0;20.0;62.62
Georgia;1/10/20;32744.0;268.0;58.72
Georgia;1/11/20;96648.0;960.0;64.28
Georgia;1/12/20;91836.0;1238.0;84.26
Georgia;1/01/21;30691.0;673.0;83.12
Georgia;1/02/21;4117.0;120.0;82.14
Germany;1/04/20;88464.0;5879.0;76.85
Germany;1/05/20;20401.0;1917.0;63.84
Germany;1/06/20;12008.0;450.0;61.32
Germany;1/07/20;14440.0;158.0;56.57
Germany;1/08/20;34403.0;156.0;57.92
Germany;1/09/20;48111.0;192.0;50.49
Germany;1/10/20;238877.0;988.0;55.21
Germany;1/11/20;538122.0;6211.0;64.02
Germany;1/12/20;690608.0;17097.0;75.23
Germany;1/01/21;465139.0;23372.0;83.51
Germany;1/02/21;70664.0;5028.0;83.33
Ghana;1/04/20;1913.0;12.0;78.44
Ghana;1/05/20;5996.0;19.0;60.77
Ghana;1/06/20;9671.0;76.0;55.34
Ghana;1/07/20;17760.0;70.0;52.78
Ghana;1/08/20;8797.0;94.0;52.78
Ghana;1/09/20;2328.0;25.0;44.44
Ghana;1/10/20;1429.0;19.0;44.44
Ghana;1/11/20;3612.0;3.0;38.89
Ghana;1/12/20;3104.0;12.0;38.89
Ghana;1/01/21;12239.0;81.0;37.72
Ghana;1/02/21;5318.0;56.0;0
Greece;1/04/20;1277.0;88.0;84.26
Greece;1/05/20;326.0;35.0;70.75
Greece;1/06/20;492.0;17.0;47.92
Greece;1/07/20;1068.0;14.0;52.93
Greece;1/08/20;5840.0;60.0;52.43
Greece;1/09/20;8158.0;125.0;57.08
Greece;1/10/20;20776.0;235.0;56.43
Greece;1/11/20;66020.0;1780.0;75.52
Greece;1/12/20;33579.0;2432.0;83.54
Greece;1/01/21;18107.0;958.0;81.75
Greece;1/02/21;7618.0;201.0;0
Guatemala;1/04/20;561.0;15.0;94.71
Guatemala;1/05/20;4488.0;92.0;96.3
Guatemala;1/06/20;13009.0;665.0;96.3
Guatemala;1/07/20;31693.0;1151.0;94.8
Guatemala;1/08/20;24285.0;836.0;87.04
Guatemala;1/09/20;17672.0;486.0;78.61
Guatemala;1/10/20;16193.0;483.0;49.54
Guatemala;1/11/20;14123.0;442.0;49.54
Guatemala;1/12/20;15950.0;642.0;50.34
Guatemala;1/01/21;21492.0;830.0;54.81
Guatemala;1/02/21;3743.0;279.0;0
Guinea;1/04/20;1473.0;7.0;78.7
Guinea;1/05/20;2211.0;15.0;78.7
Guinea;1/06/20;1685.0;10.0;75.56
Guinea;1/07/20;1917.0;13.0;69.22
Guinea;1/08/20;2101.0;13.0;70.74
Guinea;1/09/20;1243.0;7.0;63.28
Guinea;1/10/20;1420.0;6.0;45.36
Guinea;1/11/20;1047.0;4.0;40.22
Guinea;1/12/20;603.0;5.0;41.54
Guinea;1/01/21;824.0;1.0;47.74
Guinea;1/02/21;218.0;2.0;47.69
Guyana;1/04/20;70.0;5.0;84.88
Guyana;1/05/20;71.0;3.0;87.04
Guyana;1/06/20;92.0;0.0;81.21
Guyana;1/07/20;168.0;8.0;77.47
Guyana;1/08/20;893.0;19.0;74.17
Guyana;1/09/20;1588.0;41.0;75.87
Guyana;1/10/20;1268.0;42.0;74.8
Guyana;1/11/20;1244.0;27.0;70.37
Guyana;1/12/20;926.0;13.0;67.96
Guyana;1/01/21;1309.0;12.0;54.63
Guyana;1/02/21;382.0;5.0;54.63
Haiti;1/04/20;57.0;6.0;89.65
Haiti;1/05/20;1508.0;28.0;89.81
Haiti;1/06/20;4263.0;69.0;79.99
Haiti;1/07/20;1531.0;53.0;54.44
Haiti;1/08/20;831.0;42.0;24.28
Haiti;1/09/20;531.0;26.0;28.12
Haiti;1/10/20;314.0;5.0;47.22
Haiti;1/11/20;218.0;0.0;45.37
Haiti;1/12/20;727.0;4.0;35.49
Haiti;1/01/21;1534.0;9.0;33.88
Haiti;1/02/21;273.0;1.0;36.11
Honduras;1/04/20;630.0;64.0;100
Honduras;1/05/20;4451.0;136.0;100
Honduras;1/06/20;14356.0;285.0;97.16
Honduras;1/07/20;22456.0;840.0;96.3
Honduras;1/08/20;19000.0;536.0;86.35
Honduras;1/09/20;15886.0;480.0;77.51
Honduras;1/10/20;19988.0;316.0;79.75
Honduras;1/11/20;11365.0;249.0;81.48
Honduras;1/12/20;13574.0;212.0;82.17
Honduras;1/01/21;26016.0;480.0;86.94
Honduras;1/02/21;7892.0;132.0;0
Hungary;1/04/20;2283.0;296.0;76.85
Hungary;1/05/20;1101.0;214.0;67.65
Hungary;1/06/20;279.0;59.0;58.7
Hungary;1/07/20;350.0;11.0;54.63
Hungary;1/08/20;1634.0;19.0;50.86
Hungary;1/09/20;20322.0;150.0;43.82
Hungary;1/10/20;48860.0;985.0;40.74
Hungary;1/11/20;141801.0;3073.0;66.17
Hungary;1/12/20;105392.0;4714.0;72.22
Hungary;1/01/21;45072.0;2987.0;72.22
Hungary;1/02/21;10069.0;631.0;72.22
Iceland;1/04/20;662.0;8.0;53.7
Iceland;1/05/20;9.0;0.0;48.37
Iceland;1/06/20;18.0;0.0;39.81
Iceland;1/07/20;61.0;0.0;40.19
Iceland;1/08/20;222.0;0.0;46.3
Iceland;1/09/20;621.0;0.0;39.68
Iceland;1/10/20;2137.0;2.0;41.81
Iceland;1/11/20;527.0;14.0;52.78
Iceland;1/12/20;362.0;3.0;52.78
Iceland;1/01/21;248.0;0.0;46.94
Iceland;1/02/21;19.0;0.0;44.44
India;1/04/20;33466.0;1119.0;98.64
India;1/05/20;155746.0;4254.0;82.07
India;1/06/20;394872.0;11992.0;76.28
India;1/07/20;1110507.0;19111.0;76.7
India;1/08/20;1995178.0;28777.0;79.76
India;1/10/20;1871498.0;23433.0;68.08
India;1/11/20;1278727.0;15510.0;64.04
India;1/12/20;803865.0;11117.0;68.98
India;1/01/21;490936.0;5654.0;68.98
India;1/02/21;89694.0;766.0;0
Indonesia;1/04/20;8590.0;656.0;68.42
Indonesia;1/05/20;16355.0;821.0;73.82
Indonesia;1/06/20;29912.0;1263.0;66.51
Indonesia;1/07/20;51991.0;2255.0;59.81
Indonesia;1/08/20;66420.0;2286.0;60.61
Indonesia;1/09/20;112212.0;3323.0;65.95
Indonesia;1/10/20;123080.0;3129.0;58.34
Indonesia;1/11/20;128795.0;3076.0;56.01
Indonesia;1/12/20;204315.0;5193.0;61.84
Indonesia;1/01/21;335116.0;7860.0;64.35
Indonesia;1/02/21;87765.0;1765.0;64.35
Iran;1/04/20;50035.0;3130.0;54.56
Iran;1/05/20;56826.0;1769.0;48.71
Iran;1/06/20;76196.0;3020.0;43.51
Iran;1/07/20;76542.0;5949.0;52.94
Iran;1/08/20;71008.0;4805.0;60.32
Iran;1/09/20;82007.0;4598.0;57.22
Iran;1/10/20;155553.0;8695.0;63.63
Iran;1/11/20;349298.0;13382.0;68.61
Iran;1/12/20;263072.0;6977.0;70.83
Iran;1/01/21;192857.0;2736.0;72.38
Iran;1/02/21;55757.0;577.0;74.54
Iraq;1/04/20;1391.0;43.0;92.59
Iraq;1/05/20;4354.0;112.0;85.27
Iraq;1/06/20;42670.0;1738.0;92.59
Iraq;1/07/20;75500.0;2798.0;92.59
Iraq;1/08/20;110325.0;2301.0;91.24
Iraq;1/09/20;128047.0;2139.0;72
Iraq;1/10/20;109649.0;1729.0;58.42
Iraq;1/11/20;79919.0;1348.0;51.6
Iraq;1/12/20;42742.0;555.0;49.94
Iraq;1/01/21;24345.0;234.0;51.01
Iraq;1/02/21;10627.0;79.0;44.44
Ireland;1/04/20;17377.0;1161.0;89.81
Ireland;1/05/20;4319.0;422.0;87.52
Ireland;1/06/20;411.0;86.0;67.62
Ireland;1/07/20;503.0;32.0;38.89
Ireland;1/08/20;2746.0;14.0;60.03
Ireland;1/09/20;7344.0;27.0;63.91
Ireland;1/10/20;24835.0;114.0;64.3
Ireland;1/11/20;11088.0;140.0;81.48
Ireland;1/12/20;19021.0;186.0;74.59
Ireland;1/01/21;104768.0;1070.0;86.44
Ireland;1/02/21;7850.0;380.0;87.96
Israel;1/04/20;10179.0;204.0;89.35
Israel;1/05/20;1183.0;62.0;77.3
Israel;1/06/20;8359.0;40.0;74.81
Israel;1/07/20;46296.0;237.0;63.77
Israel;1/08/20;45172.0;389.0;42.44
Israel;1/09/20;130505.0;651.0;57.56
Israel;1/10/20;66938.0;957.0;78.01
Israel;1/11/20;22842.0;311.0;63.24
Israel;1/12/20;86071.0;453.0;71.02
Israel;1/01/21;220173.0;1471.0;84.6
Israel;1/02/21;53093.0;375.0;83.8
Italy;1/04/20;99671.0;15539.0;92.59
Italy;1/05/20;27534.0;5448.0;66.57
Italy;1/06/20;7152.0;1336.0;51.78
Italy;1/07/20;6959.0;374.0;55.97
Italy;1/08/20;21677.0;342.0;52.09
Italy;1/09/20;45647.0;411.0;50.43
Italy;1/10/20;364569.0;2724.0;55.88
Italy;1/11/20;922124.0;16958.0;77.09
Italy;1/12/20;505612.0;18583.0;80.46
Italy;1/01/21;445866.0;14357.0;80.01
Italy;1/02/21;91675.0;3064.0;78.7
Jamaica;1/04/20;386.0;5.0;82.32
Jamaica;1/05/20;164.0;1.0;86.93
Jamaica;1/06/20;116.0;1.0;69.47
Jamaica;1/07/20;176.0;0.0;68.26
Jamaica;1/08/20;1581.0;11.0;73.14
Jamaica;1/09/20;4023.0;86.0;75.66
Jamaica;1/10/20;2612.0;99.0;72.37
Jamaica;1/11/20;1669.0;51.0;71.3
Jamaica;1/12/20;2064.0;45.0;71.3
Jamaica;1/01/21;2826.0;48.0;71.18
Jamaica;1/02/21;1645.0;8.0;56.48
Japan;1/04/20;12029.0;414.0;45.73
Japan;1/05/20;2467.0;417.0;41.9
Japan;1/06/20;1822.0;75.0;27.74
Japan;1/07/20;17619.0;36.0;27.99
Japan;1/08/20;32162.0;290.0;32.7
Japan;1/09/20;15195.0;277.0;35.64
Japan;1/10/20;17736.0;194.0;36.73
Japan;1/11/20;47635.0;307.0;38.89
Japan;1/12/20;86849.0;1216.0;48.74
Japan;1/01/21;154355.0;2461.0;52.82
Japan;1/02/21;16826.0;754.0;53.24
Jordan;1/04/20;179.0;2.0;98.11
Jordan;1/05/20;286.0;1.0;81.33
Jordan;1/06/20;393.0;0.0;53.08
Jordan;1/07/20;171.0;2.0;48.15
Jordan;1/08/20;841.0;4.0;53.97
Jordan;1/09/20;9791.0;46.0;63.79
Jordan;1/10/20;60782.0;768.0;76.28
Jordan;1/11/20;146823.0;1922.0;77.96
Jordan;1/12/20;75064.0;1083.0;79.59
Jordan;1/01/21;32361.0;482.0;79.15
Jordan;1/02/21;9984.0;69.0;75.93
Kazakhstan;1/04/20;2992.0;24.0;92.13
Kazakhstan;1/05/20;7456.0;13.0;85.31
Kazakhstan;1/06/20;11450.0;122.0;81.02
Kazakhstan;1/07/20;68059.0;494.0;82.88
Kazakhstan;1/08/20;40306.0;988.0;80.14
Kazakhstan;1/09/20;10034.0;297.0;78.88
Kazakhstan;1/10/20;8992.0;148.0;75.08
Kazakhstan;1/11/20;24864.0;207.0;67.19
Kazakhstan;1/12/20;26633.0;328.0;72.16
Kazakhstan;1/01/21;34648.0;285.0;68.52
Kazakhstan;1/02/21;9507.0;78.0;68.52
Kenya;1/04/20;337.0;16.0;88.58
Kenya;1/05/20;1566.0;47.0;88.89
Kenya;1/06/20;4404.0;84.0;87.65
Kenya;1/07/20;14270.0;193.0;81.3
Kenya;1/08/20;13565.0;236.0;71.44
Kenya;1/09/20;4328.0;134.0;71.3
Kenya;1/10/20;16663.0;270.0;67.44
Kenya;1/11/20;28426.0;488.0;62.96
Kenya;1/12/20;12840.0;201.0;62.96
Kenya;1/01/21;4315.0;93.0;58
Kenya;1/02/21;1171.0;23.0;50.93
Kosovo;1/04/20;693.0;21.0;92.59
Kosovo;1/05/20;271.0;8.0;90.18
Kosovo;1/06/20;1729.0;19.0;62.5
Kosovo;1/07/20;5531.0;178.0;57.28
Kosovo;1/08/20;5124.0;298.0;73.56
Kosovo;1/09/20;2166.0;100.0;61.1
Kosovo;1/10/20;3708.0;53.0;54.49
Kosovo;1/11/20;20268.0;338.0;69.07
Kosovo;1/12/20;11548.0;316.0;71.3
Kosovo;1/01/21;9074.0;166.0;72.5
Kosovo;1/02/21;2330.0;28.0;69.44
Kuwait;1/04/20;3735.0;26.0;89.97
Kuwait;1/05/20;23019.0;186.0;96.26
Kuwait;1/06/20;19152.0;142.0;84.94
Kuwait;1/07/20;20762.0;93.0;79.8
Kuwait;1/08/20;18152.0;84.0;65.74
Kuwait;1/09/20;20073.0;79.0;65.74
Kuwait;1/10/20;20744.0;169.0;63.13
Kuwait;1/11/20;16709.0;101.0;62.96
Kuwait;1/12/20;7949.0;54.0;62.96
Kuwait;1/01/21;14673.0;25.0;65.29
Kuwait;1/02/21;6737.0;10.0;65.74
Kyrgyzstan;1/04/20;639.0;8.0;92
Kyrgyzstan;1/05/20;1002.0;8.0;83.4
Kyrgyzstan;1/06/20;3758.0;45.0;75.97
Kyrgyzstan;1/07/20;30299.0;1317.0;76.48
Kyrgyzstan;1/08/20;7897.0;123.0;77.78
Kyrgyzstan;1/09/20;2771.0;6.0;68.75
Kyrgyzstan;1/10/20;12209.0;80.0;59.51
Kyrgyzstan;1/11/20;14300.0;131.0;53.38
Kyrgyzstan;1/12/20;7856.0;80.0;48.67
Kyrgyzstan;1/01/21;3554.0;57.0;41.55
Kyrgyzstan;1/02/21;525.0;19.0;41.67
Laos;1/04/20;10.0;0.0;96.3
Laos;1/05/20;0.0;0.0;0
Laos;1/06/20;0.0;0.0;0
Laos;1/07/20;1.0;0.0;20.37
Laos;1/08/20;2.0;0.0;36.11
Laos;1/09/20;1.0;0.0;36.11
Laos;1/10/20;1.0;0.0;36.11
Laos;1/11/20;15.0;0.0;33.33
Laos;1/12/20;2.0;0.0;29.63
Laos;1/01/21;3.0;0.0;22.22
Laos;1/02/21;1.0;0.0;22.22
Latvia;1/04/20;460.0;15.0;69.44
Latvia;1/05/20;208.0;8.0;64.16
Latvia;1/06/20;52.0;5.0;53.7
Latvia;1/07/20;113.0;2.0;50
Latvia;1/08/20;165.0;1.0;44.64
Latvia;1/09/20;428.0;3.0;40.12
Latvia;1/10/20;4070.0;34.0;35.03
Latvia;1/11/20;11181.0;135.0;51.29
Latvia;1/12/20;23829.0;429.0;56.48
Latvia;1/01/21;25337.0;560.0;58.21
Latvia;1/02/21;5847.0;152.0;57.41
Lebanon;1/04/20;255.0;12.0;84.67
Lebanon;1/05/20;495.0;3.0;78.85
Lebanon;1/06/20;558.0;7.0;74.07
Lebanon;1/07/20;2777.0;27.0;59.49
Lebanon;1/08/20;12753.0;106.0;49.99
Lebanon;1/09/20;22326.0;200.0;61.78
Lebanon;1/10/20;41594.0;270.0;59.02
Lebanon;1/11/20;46716.0;381.0;74.2
Lebanon;1/12/20;53559.0;450.0;87.04
Lebanon;1/01/21;119549.0;1614.0;88.65
Lebanon;1/02/21;20928.0;595.0;90.27
Lesotho;1/04/20;0.0;0.0;0
Lesotho;1/05/20;2.0;0.0;62.04
Lesotho;1/06/20;25.0;0.0;56.11
Lesotho;1/07/20;577.0;13.0;59.92
Lesotho;1/08/20;481.0;18.0;71.3
Lesotho;1/09/20;510.0;5.0;62.96
Lesotho;1/10/20;358.0;8.0;48.26
Lesotho;1/11/20;156.0;0.0;47.22
Lesotho;1/12/20;985.0;7.0;36.11
Lesotho;1/01/21;5570.0;107.0;75.5
Lesotho;1/02/21;716.0;11.0;74.99
Liberia;1/04/20;138.0;16.0;84.87
Liberia;1/05/20;147.0;10.0;86.96
Liberia;1/06/20;492.0;9.0;80.09
Liberia;1/07/20;406.0;39.0;70.27
Liberia;1/08/20;118.0;7.0;64.81
Liberia;1/09/20;39.0;0.0;60.19
Liberia;1/10/20;83.0;0.0;58.18
Liberia;1/11/20;169.0;1.0;57.41
Liberia;1/12/20;184.0;0.0;52.77
Liberia;1/01/21;160.0;1.0;36.37
Liberia;1/02/21;17.0;0.0;40.74
Libya;1/04/20;51.0;2.0;92.84
Libya;1/05/20;95.0;2.0;98.94
Libya;1/06/20;668.0;19.0;96.04
Libya;1/07/20;2581.0;53.0;91.12
Libya;1/08/20;10345.0;163.0;88.33
Libya;1/09/20;20559.0;314.0;86.11
Libya;1/10/20;26570.0;306.0;81.35
Libya;1/11/20;21714.0;326.0;79.63
Libya;1/12/20;17468.0;295.0;82.88
Libya;1/01/21;18354.0;399.0;79.32
Libya;1/02/21;6251.0;97.0;0
Lithuania;1/04/20;907.0;28.0;81.72
Lithuania;1/05/20;292.0;22.0;73.98
Lithuania;1/06/20;145.0;7.0;40.37
Lithuania;1/07/20;257.0;2.0;26.37
Lithuania;1/08/20;831.0;6.0;28.7
Lithuania;1/09/20;1788.0;8.0;28.7
Lithuania;1/10/20;10127.0;75.0;45.08
Lithuania;1/11/20;46496.0;468.0;57.31
Lithuania;1/12/20;80644.0;1176.0;66.99
Lithuania;1/01/21;40588.0;1012.0;72.39
Lithuania;1/02/21;4496.0;147.0;70.37
Luxembourg;1/04/20;1591.0;69.0;76.11
Luxembourg;1/05/20;234.0;20.0;58.03
Luxembourg;1/06/20;281.0;0.0;41.2
Luxembourg;1/07/20;2396.0;4.0;24.94
Luxembourg;1/08/20;1278.0;10.0;36.62
Luxembourg;1/09/20;1884.0;0.0;46.01
Luxembourg;1/10/20;8625.0;28.0;49.36
Luxembourg;1/11/20;17544.0;169.0;57.03
Luxembourg;1/12/20;11737.0;174.0;75.82
Luxembourg;1/01/21;3973.0;82.0;63.7
Luxembourg;1/02/21;1491.0;20.0;58.02
Madagascar;1/04/20;71.0;0.0;89.24
Madagascar;1/05/20;650.0;6.0;69.7
Madagascar;1/06/20;1443.0;14.0;70.18
Madagascar;1/07/20;8654.0;86.0;68.98
Madagascar;1/08/20;3995.0;86.0;67.39
Madagascar;1/09/20;1545.0;38.0;58.95
Madagascar;1/10/20;703.0;14.0;45.6
Madagascar;1/11/20;230.0;7.0;37.04
Madagascar;1/12/20;373.0;6.0;37.04
Madagascar;1/01/21;1351.0;20.0;37.04
Madagascar;1/02/21;295.0;4.0;0
Malawi;1/04/20;37.0;3.0;57.71
Malawi;1/05/20;247.0;1.0;60.19
Malawi;1/06/20;940.0;10.0;60.19
Malawi;1/07/20;2854.0;100.0;60.19
Malawi;1/08/20;1488.0;61.0;63.76
Malawi;1/09/20;207.0;4.0;55.89
Malawi;1/10/20;157.0;5.0;52.2
Malawi;1/11/20;98.0;1.0;50.93
Malawi;1/12/20;555.0;3.0;49.96
Malawi;1/01/21;17380.0;513.0;45.8
Malawi;1/02/21;3459.0;172.0;51.85
Malaysia;1/04/20;3236.0;59.0;73.15
Malaysia;1/05/20;1817.0;13.0;71.41
Malaysia;1/06/20;820.0;6.0;60.71
Malaysia;1/07/20;337.0;4.0;49.73
Malaysia;1/08/20;364.0;2.0;56.75
Malaysia;1/09/20;1884.0;9.0;55.37
Malaysia;1/10/20;20324.0;113.0;61.43
Malaysia;1/11/20;34149.0;111.0;78.51
Malaysia;1/12/20;47313.0;111.0;69.63
Malaysia;1/01/21;101949.0;289.0;73.36
Malaysia;1/02/21;30593.0;136.0;77.31
Mali;1/04/20;462.0;24.0;72.22
Mali;1/05/20;775.0;51.0;60.24
Mali;1/06/20;916.0;39.0;52.9
Mali;1/07/20;354.0;8.0;52.58
Mali;1/08/20;241.0;2.0;47.22
Mali;1/09/20;342.0;5.0;45.17
Mali;1/10/20;436.0;5.0;39.21
Mali;1/11/20;1156.0;20.0;37.96
Mali;1/12/20;2380.0;113.0;46.14
Mali;1/01/21;1001.0;61.0;47.01
Mali;1/02/21;90.0;9.0;40.74
Malta;1/04/20;296.0;4.0;86.65
Malta;1/05/20;153.0;3.0;86.11
Malta;1/06/20;52.0;0.0;52.37
Malta;1/07/20;154.0;0.0;32.22
Malta;1/08/20;1101.0;3.0;40.46
Malta;1/09/20;1175.0;23.0;42.59
Malta;1/10/20;2984.0;27.0;47.28
Malta;1/11/20;3725.0;77.0;52.78
Malta;1/12/20;2901.0;82.0;52.78
Malta;1/01/21;5129.0;48.0;52.78
Malta;1/02/21;910.0;15.0;52.78
Mauritania;1/04/20;2.0;0.0;77.78
Mauritania;1/05/20;522.0;22.0;77.78
Mauritania;1/06/20;3833.0;106.0;77.78
Mauritania;1/07/20;1947.0;28.0;40.56
Mauritania;1/08/20;738.0;2.0;29.63
Mauritania;1/09/20;454.0;2.0;19.89
Mauritania;1/10/20;201.0;2.0;17.59
Mauritania;1/11/20;898.0;14.0;17.59
Mauritania;1/12/20;5763.0;170.0;49.01
Mauritania;1/01/21;2271.0;75.0;56.06
Mauritania;1/02/21;192.0;5.0;50.93
Mauritius;1/04/20;191.0;5.0;82.41
Mauritius;1/05/20;3.0;0.0;78.7
Mauritius;1/06/20;6.0;0.0;44.13
Mauritius;1/07/20;3.0;0.0;18.52
Mauritius;1/08/20;12.0;0.0;18.52
Mauritius;1/09/20;25.0;0.0;22.22
Mauritius;1/10/20;60.0;0.0;16.67
Mauritius;1/11/20;63.0;0.0;16.67
Mauritius;1/12/20;23.0;0.0;16.67
Mauritius;1/01/21;42.0;0.0;18.4
Mauritius;1/02/21;24.0;0.0;16.67
Mexico;1/04/20;18009.0;1830.0;82.41
Mexico;1/05/20;71440.0;8071.0;82.41
Mexico;1/06/20;135425.0;17839.0;71.51
Mexico;1/07/20;198548.0;18919.0;70.83
Mexico;1/08/20;174923.0;17726.0;72.26
Mexico;1/09/20;143656.0;13232.0;71.91
Mexico;1/10/20;181746.0;14107.0;72.23
Mexico;1/11/20;188581.0;14187.0;71.76
Mexico;1/12/20;312551.0;19867.0;71.76
Mexico;1/01/21;438166.0;32729.0;72.43
Mexico;1/02/21;71753.0;8195.0;71.76
Moldova;1/04/20;3544.0;112.0;85.83
Moldova;1/05/20;4354.0;179.0;82.35
Moldova;1/06/20;8362.0;250.0;80.56
Moldova;1/07/20;8120.0;233.0;67.89
Moldova;1/08/20;12187.0;217.0;57.41
Moldova;1/09/20;16122.0;325.0;47.19
Moldova;1/10/20;22998.0;465.0;47.07
Moldova;1/11/20;31324.0;519.0;48.7
Moldova;1/12/20;37454.0;681.0;57.41
Moldova;1/01/21;14986.0;453.0;57.41
Moldova;1/02/21;5054.0;119.0;55.55
Monaco;1/04/20;43.0;0.0;87.96
Monaco;1/05/20;4.0;0.0;69.44
Monaco;1/06/20;4.0;0.0;65.74
Monaco;1/07/20;17.0;0.0;65.74
Monaco;1/08/20;34.0;0.0;65.74
Monaco;1/09/20;76.0;1.0;61.89
Monaco;1/10/20;141.0;0.0;62.04
Monaco;1/11/20;250.0;1.0;51.85
Monaco;1/12/20;266.0;0.0;51.85
Monaco;1/01/21;614.0;10.0;51.85
Monaco;1/02/21;176.0;6.0;51.85
Mongolia;1/04/20;26.0;0.0;65.52
Mongolia;1/05/20;141.0;0.0;73.61
Mongolia;1/06/20;41.0;0.0;71.3
Mongolia;1/07/20;71.0;0.0;60.19
Mongolia;1/08/20;13.0;0.0;60.19
Mongolia;1/09/20;9.0;0.0;52.4
Mongolia;1/10/20;33.0;0.0;39.96
Mongolia;1/11/20;455.0;0.0;67.94
Mongolia;1/12/20;419.0;1.0;78.91
Mongolia;1/01/21;594.0;1.0;73.61
Mongolia;1/02/21;306.0;0.0;73.61
Morocco;1/04/20;3806.0;134.0;93.52
Morocco;1/05/20;3384.0;35.0;93.52
Morocco;1/06/20;4726.0;23.0;79.31
Morocco;1/07/20;11789.0;125.0;64.81
Morocco;1/08/20;38268.0;788.0;69.65
Morocco;1/09/20;61063.0;1053.0;66.69
Morocco;1/10/20;95431.0;1501.0;62.12
Morocco;1/11/20;137252.0;2151.0;64.39
Morocco;1/12/20;82857.0;1542.0;69.29
Morocco;1/01/21;31964.0;887.0;76.85
Morocco;1/02/21;4432.0;133.0;76.85
Mozambique;1/04/20;68.0;0.0;56.48
Mozambique;1/05/20;178.0;2.0;57.12
Mozambique;1/06/20;635.0;4.0;70.98
Mozambique;1/07/20;975.0;5.0;74.91
Mozambique;1/08/20;2052.0;12.0;65.7
Mozambique;1/09/20;4812.0;38.0;62.04
Mozambique;1/10/20;4141.0;31.0;61.7
Mozambique;1/11/20;2832.0;39.0;56.06
Mozambique;1/12/20;2941.0;35.0;56.11
Mozambique;1/01/21;18738.0;235.0;59.63
Mozambique;1/02/21;6258.0;98.0;0
Myanmar;1/04/20;136.0;2.0;81.9
Myanmar;1/05/20;73.0;0.0;82.08
Myanmar;1/06/20;75.0;0.0;80.56
Myanmar;1/07/20;54.0;0.0;79.5
Myanmar;1/08/20;529.0;0.0;77.13
Myanmar;1/09/20;12491.0;304.0;79.92
Myanmar;1/10/20;39333.0;927.0;80.48
Myanmar;1/11/20;38007.0;704.0;79.63
Myanmar;1/12/20;33917.0;741.0;75.93
Myanmar;1/01/21;15515.0;449.0;73.59
Myanmar;1/02/21;1282.0;46.0;70.37
Namibia;1/04/20;5.0;0.0;66.67
Namibia;1/05/20;8.0;0.0;66.67
Namibia;1/06/20;181.0;0.0;58.91
Namibia;1/07/20;1924.0;10.0;55.38
Namibia;1/08/20;5421.0;65.0;59.1
Namibia;1/09/20;3715.0;46.0;62.87
Namibia;1/10/20;1670.0;12.0;43
Namibia;1/11/20;1445.0;18.0;37.96
Namibia;1/12/20;9561.0;54.0;36.55
Namibia;1/01/21;10003.0;147.0;41.1
Namibia;1/02/21;1126.0;23.0;42.12
Nepal;1/04/20;52.0;0.0;96.3
Nepal;1/05/20;1516.0;8.0;93.13
Nepal;1/06/20;11992.0;21.0;92.59
Nepal;1/07/20;6207.0;27.0;87.33
Nepal;1/08/20;19689.0;172.0;84.25
Nepal;1/09/20;38357.0;270.0;76.29
Nepal;1/10/20;92926.0;439.0;67.23
Nepal;1/11/20;62709.0;571.0;63.02
Nepal;1/12/20;27141.0;327.0;60.19
Nepal;1/01/21;10366.0;173.0;59.11
Nepal;1/02/21;1096.0;16.0;57.41
Netherlands;1/04/20;26845.0;3771.0;79.63
Netherlands;1/05/20;7133.0;1164.0;72.1
Netherlands;1/06/20;3838.0;157.0;60.98
Netherlands;1/07/20;3738.0;57.0;39.81
Netherlands;1/08/20;18309.0;102.0;44.99
Netherlands;1/09/20;52756.0;205.0;50.83
Netherlands;1/10/20;231652.0;1002.0;62.04
Netherlands;1/11/20;174290.0;1994.0;62.59
Netherlands;1/12/20;276452.0;2072.0;71.47
Netherlands;1/01/21;183693.0;2583.0;86.94
Netherlands;1/02/21;29891.0;435.0;93.52
New Zealand;1/04/20;833.0;17.0;95.08
New Zealand;1/05/20;26.0;2.0;68.82
New Zealand;1/06/20;24.0;0.0;25.31
New Zealand;1/07/20;34.0;0.0;22.22
New Zealand;1/08/20;190.0;0.0;59.99
New Zealand;1/09/20;96.0;3.0;33.97
New Zealand;1/10/20;111.0;0.0;23.95
New Zealand;1/11/20;100.0;0.0;22.22
New Zealand;1/12/20;103.0;0.0;22.22
New Zealand;1/01/21;144.0;0.0;22.22
New Zealand;1/02/21;18.0;0.0;0
Nicaragua;1/04/20;9.0;1.0;20.36
Nicaragua;1/05/20;745.0;32.0;20.37
Nicaragua;1/06/20;1760.0;48.0;18.52
Nicaragua;1/07/20;1153.0;33.0;20.83
Nicaragua;1/08/20;822.0;21.0;20.37
Nicaragua;1/09/20;676.0;14.0;12.22
Nicaragua;1/10/20;344.0;3.0;8.33
Nicaragua;1/11/20;270.0;4.0;8.33
Nicaragua;1/12/20;262.0;5.0;8.33
Nicaragua;1/01/21;207.0;4.0;8.33
Nicaragua;1/02/21;46.0;1.0;0
Niger;1/04/20;692.0;29.0;61.11
Niger;1/05/20;239.0;32.0;44.82
Niger;1/06/20;117.0;2.0;25.93
Niger;1/07/20;63.0;2.0;25.93
Niger;1/08/20;42.0;0.0;19.97
Niger;1/09/20;21.0;0.0;15.06
Niger;1/10/20;23.0;0.0;15.16
Niger;1/11/20;328.0;3.0;23.75
Niger;1/12/20;1775.0;32.0;28.03
Niger;1/01/21;1194.0;55.0;31.48
Niger;1/02/21;104.0;7.0;29.04
Nigeria;1/04/20;1797.0;56.0;83.63
Nigeria;1/05/20;8230.0;229.0;84.39
Nigeria;1/06/20;15532.0;303.0;82.17
Nigeria;1/07/20;17457.0;289.0;71.8
Nigeria;1/08/20;10857.0;134.0;67.65
Nigeria;1/09/20;4840.0;99.0;60.92
Nigeria;1/10/20;4005.0;32.0;52.24
Nigeria;1/11/20;4404.0;30.0;50.93
Nigeria;1/12/20;20050.0;116.0;53.31
Nigeria;1/01/21;43635.0;297.0;58.33
Nigeria;1/02/21;9149.0;87.0;48.6
Norway;1/04/20;3097.0;159.0;76.05
Norway;1/05/20;702.0;26.0;61.85
Norway;1/06/20;439.0;14.0;42.59
Norway;1/07/20;361.0;5.0;40.74
Norway;1/08/20;1542.0;9.0;39.75
Norway;1/09/20;3245.0;10.0;36.11
Norway;1/10/20;6304.0;8.0;34.56
Norway;1/11/20;15819.0;50.0;53.67
Norway;1/12/20;13417.0;104.0;56.02
Norway;1/01/21;13399.0;128.0;64.56
Norway;1/02/21;2152.0;18.0;0
Oman;1/04/20;2156.0;10.0;90.21
Oman;1/05/20;9089.0;38.0;87.34
Oman;1/06/20;28633.0;127.0;87.22
Oman;1/07/20;39089.0;245.0;89.5
Oman;1/08/20;6563.0;264.0;88.92
Oman;1/09/20;12863.0;250.0;86.11
Oman;1/10/20;15849.0;273.0;69.64
Oman;1/11/20;9265.0;215.0;37.04
Oman;1/12/20;5168.0;76.0;38.24
Oman;1/01/21;5459.0;30.0;37.74
Oman;1/02/21;1664.0;6.0;0
Pakistan;1/04/20;15996.0;390.0;93.67
Pakistan;1/05/20;54346.0;1126.0;86.11
Pakistan;1/06/20;141010.0;2852.0;63.69
Pakistan;1/07/20;64835.0;1556.0;66.43
Pakistan;1/08/20;17544.0;343.0;52.61
Pakistan;1/09/20;16957.0;190.0;44.23
Pakistan;1/10/20;21164.0;339.0;59.72
Pakistan;1/11/20;66512.0;1268.0;54.16
Pakistan;1/12/20;81696.0;2085.0;64.35
Pakistan;1/01/21;64250.0;1507.0;61.6
Pakistan;1/02/21;10091.0;383.0;50.46
Palestine;1/04/20;225.0;1.0;96.3
Palestine;1/05/20;104.0;0.0;91.38
Palestine;1/06/20;1980.0;5.0;80.56
Palestine;1/07/20;9409.0;74.0;83.06
Palestine;1/08/20;10892.0;70.0;83.33
Palestine;1/09/20;17170.0;159.0;83.98
Palestine;1/10/20;13621.0;172.0;71.65
Palestine;1/11/20;32127.0;249.0;52.34
Palestine;1/12/20;52357.0;668.0;62.5
Palestine;1/01/21;20958.0;433.0;71.96
Palestine;1/02/21;4251.0;55.0;77.78
Panama;1/04/20;5351.0;158.0;91.53
Panama;1/05/20;6931.0;148.0;91.17
Panama;1/06/20;20087.0;295.0;84.68
Panama;1/07/20;31706.0;790.0;82.91
Panama;1/08/20;27726.0;581.0;81.78
Panama;1/09/20;19613.0;370.0;84.63
Panama;1/10/20;21003.0;328.0;69.35
Panama;1/11/20;32208.0;379.0;58.33
Panama;1/12/20;80984.0;943.0;66.69
Panama;1/01/21;73589.0;1248.0;75.95
Panama;1/02/21;7275.0;236.0;0
Papua New Guinea;1/04/20;7.0;0.0;80.55
Papua New Guinea;1/05/20;0.0;0.0;0
Papua New Guinea;1/06/20;3.0;0.0;51.38
Papua New Guinea;1/07/20;61.0;0.0;49.07
Papua New Guinea;1/08/20;403.0;3.0;53.54
Papua New Guinea;1/09/20;75.0;2.0;47
Papua New Guinea;1/10/20;55.0;0.0;45.03
Papua New Guinea;1/11/20;67.0;0.0;39.19
Papua New Guinea;1/12/20;124.0;2.0;37.96
Papua New Guinea;1/01/21;71.0;0.0;62.8
Papua New Guinea;1/02/21;49.0;0.0;59.72
Paraguay;1/04/20;201.0;7.0;94.14
Paraguay;1/05/20;720.0;1.0;91.51
Paraguay;1/06/20;1235.0;6.0;82.4
Paraguay;1/07/20;3117.0;32.0;77.71
Paraguay;1/08/20;12324.0;277.0;79.32
Paraguay;1/09/20;23096.0;531.0;81.48
Paraguay;1/10/20;22427.0;547.0;67.85
Paraguay;1/11/20;19239.0;352.0;64.19
Paraguay;1/12/20;25508.0;506.0;56.36
Paraguay;1/01/21;25295.0;456.0;54.66
Paraguay;1/02/21;5718.0;128.0;50
Peru;1/04/20;35911.0;1021.0;94.44
Peru;1/05/20;127500.0;3455.0;93.15
Peru;1/06/20;120737.0;5171.0;89.81
Peru;1/07/20;122279.0;9344.0;77.91
Peru;1/08/20;239674.0;9767.0;83.95
Peru;1/09/20;164602.0;3608.0;85.19
Peru;1/10/20;88412.0;2015.0;80.48
Peru;1/11/20;62350.0;1512.0;71.25
Peru;1/12/20;52607.0;1757.0;64.81
Peru;1/01/21;123102.0;3346.0;64.37
Peru;1/02/21;48459.0;1282.0;80.56
Philippines;1/04/20;6404.0;480.0;100
Philippines;1/05/20;9598.0;389.0;94.5
Philippines;1/06/20;19428.0;309.0;80.74
Philippines;1/07/20;55840.0;757.0;80.01
Philippines;1/08/20;127465.0;1535.0;75.11
Philippines;1/09/20;90875.0;1946.0;68.36
Philippines;1/10/20;69035.0;1717.0;69.21
Philippines;1/11/20;50901.0;1171.0;69.62
Philippines;1/12/20;42434.0;852.0;64.81
Philippines;1/01/21;51554.0;1505.0;60.47
Philippines;1/02/21;13377.0;482.0;60.65
Poland;1/04/20;10566.0;611.0;82.83
Poland;1/05/20;10909.0;420.0;81.53
Poland;1/06/20;10607.0;399.0;52.59
Poland;1/07/20;11295.0;253.0;42.67
Poland;1/08/20;21684.0;323.0;39.81
Poland;1/09/20;24142.0;474.0;30.49
Poland;1/10/20;271217.0;3118.0;41.2
Poland;1/11/20;628080.0;11519.0;74.26
Poland;1/12/20;304067.0;11404.0;75.17
Poland;1/01/21;218507.0;8626.0;73.5
Poland;1/02/21;39301.0;1952.0;71.3
Portugal;1/04/20;17602.0;829.0;83.33
Portugal;1/05/20;7616.0;405.0;74.13
Portugal;1/06/20;9641.0;166.0;70.6
Portugal;1/07/20;8931.0;159.0;70.92
Portugal;1/08/20;6940.0;87.0;63.42
Portugal;1/09/20;17530.0;149.0;57.74
Portugal;1/10/20;65737.0;536.0;60.04
Portugal;1/11/20;156782.0;1998.0;64.15
Portugal;1/12/20;115617.0;2401.0;68.3
Portugal;1/01/21;306838.0;5576.0;74.85
Portugal;1/02/21;47403.0;1872.0;73.15
Qatar;1/04/20;12628.0;8.0;85.27
Qatar;1/05/20;43501.0;28.0;83.33
Qatar;1/06/20;39178.0;75.0;81.85
Qatar;1/07/20;14607.0;61.0;80.2
Qatar;1/08/20;8083.0;23.0;77.78
Qatar;1/09/20;6982.0;17.0;64.81
Qatar;1/10/20;6796.0;18.0;64.81
Qatar;1/11/20;6277.0;5.0;64.81
Qatar;1/12/20;5001.0;8.0;62.12
Qatar;1/01/21;7501.0;3.0;56.48
Qatar;1/02/21;3190.0;3.0;0
Romania;1/04/20;9995.0;635.0;87.04
Romania;1/05/20;7017.0;549.0;79.48
Romania;1/06/20;7713.0;385.0;48.02
Romania;1/07/20;23916.0;692.0;42.29
Romania;1/08/20;36654.0;1278.0;42.59
Romania;1/09/20;40032.0;1204.0;44.13
Romania;1/10/20;113767.0;2143.0;48.26
Romania;1/11/20;234023.0;4363.0;68.54
Romania;1/12/20;156901.0;4436.0;76.85
Romania;1/01/21;96480.0;2568.0;76.85
Romania;1/02/21;17894.0;626.0;76.85
Russia;1/04/20;104161.0;1056.0;85.49
Russia;1/05/20;299345.0;3620.0;80.7
Russia;1/06/20;241086.0;4613.0;73.55
Russia;1/07/20;191532.0;4633.0;69.31
Russia;1/08/20;153941.0;3189.0;63.13
Russia;1/09/20;178397.0;3502.0;39.44
Russia;1/10/20;435468.0;7157.0;45.76
Russia;1/11/20;669669.0;11704.0;46.2
Russia;1/12/20;851411.0;16780.0;47.69
Russia;1/01/21;681001.0;15758.0;49.86
Russia;1/02/21;130814.0;3799.0;45.83
Rwanda;1/04/20;168.0;0.0;90.74
Rwanda;1/05/20;127.0;1.0;75.03
Rwanda;1/06/20;655.0;1.0;74.04
Rwanda;1/07/20;997.0;3.0;75.14
Rwanda;1/08/20;2041.0;11.0;74.85
Rwanda;1/09/20;777.0;13.0;77.31
Rwanda;1/10/20;297.0;6.0;68.34
Rwanda;1/11/20;797.0;14.0;57.4
Rwanda;1/12/20;2449.0;43.0;57.49
Rwanda;1/01/21;6921.0;104.0;61.94
Rwanda;1/02/21;1317.0;27.0;74.07
San Marino;1/04/20;333.0;15.0;89.22
San Marino;1/05/20;111.0;1.0;68.35
San Marino;1/06/20;27.0;0.0;50.84
San Marino;1/07/20;1.0;0.0;33.33
San Marino;1/08/20;16.0;0.0;33.33
San Marino;1/09/20;36.0;0.0;29.63
San Marino;1/10/20;196.0;0.0;33.1
San Marino;1/11/20;684.0;4.0;42.19
San Marino;1/12/20;816.0;13.0;55.55
San Marino;1/01/21;597.0;8.0;70.03
San Marino;1/02/21;112.0;2.0;69.44
Saudi Arabia;1/04/20;21190.0;152.0;91.72
Saudi Arabia;1/05/20;62508.0;341.0;90.18
Saudi Arabia;1/06/20;105562.0;1146.0;71.48
Saudi Arabia;1/07/20;85082.0;1217.0;70.58
Saudi Arabia;1/08/20;39867.0;1031.0;63.41
Saudi Arabia;1/09/20;18833.0;871.0;58.7
Saudi Arabia;1/10/20;12677.0;634.0;56.93
Saudi Arabia;1/11/20;10078.0;494.0;50
Saudi Arabia;1/12/20;5381.0;327.0;51.07
Saudi Arabia;1/01/21;5333.0;152.0;50.98
Saudi Arabia;1/02/21;2560.0;31.0;50
Senegal;1/04/20;758.0;9.0;77.78
Senegal;1/05/20;2712.0;33.0;74.01
Senegal;1/06/20;3148.0;70.0;62.22
Senegal;1/07/20;3439.0;93.0;39.57
Senegal;1/08/20;3379.0;79.0;35.27
Senegal;1/09/20;1371.0;27.0;40.09
Senegal;1/10/20;634.0;13.0;40.79
Senegal;1/11/20;473.0;9.0;33.27
Senegal;1/12/20;3051.0;77.0;39.75
Senegal;1/01/21;7383.0;218.0;50.91
Senegal;1/02/21;2534.0;61.0;50.46
Serbia;1/04/20;8109.0;163.0;98.48
Serbia;1/05/20;2403.0;64.0;68.99
Serbia;1/06/20;3152.0;34.0;30.28
Serbia;1/07/20;10988.0;296.0;47.96
Serbia;1/08/20;5854.0;140.0;57.07
Serbia;1/09/20;2145.0;36.0;54.63
Serbia;1/10/20;13403.0;71.0;54
Serbia;1/11/20;128484.0;784.0;55.34
Serbia;1/12/20;162485.0;1607.0;60.19
Serbia;1/01/21;57340.0;809.0;60.12
Serbia;1/02/21;14578.0;119.0;59.26
Seychelles;1/04/20;1.0;0.0;52.78
Seychelles;1/05/20;0.0;0.0;0
Seychelles;1/06/20;70.0;0.0;23.15
Seychelles;1/07/20;33.0;0.0;23.15
Seychelles;1/08/20;22.0;0.0;31.48
Seychelles;1/09/20;8.0;0.0;35.05
Seychelles;1/10/20;9.0;0.0;35.64
Seychelles;1/11/20;30.0;0.0;31.48
Seychelles;1/12/20;73.0;0.0;31.48
Seychelles;1/01/21;949.0;4.0;56.08
Seychelles;1/02/21;370.0;3.0;51.85
Sierra Leone;1/04/20;123.0;7.0;76.94
Sierra Leone;1/05/20;737.0;39.0;72.71
Sierra Leone;1/06/20;601.0;13.0;57.72
Sierra Leone;1/07/20;361.0;6.0;40.71
Sierra Leone;1/08/20;199.0;3.0;31.17
Sierra Leone;1/09/20;209.0;2.0;29.63
Sierra Leone;1/10/20;135.0;2.0;29.82
Sierra Leone;1/11/20;46.0;0.0;36.11
Sierra Leone;1/12/20;199.0;2.0;37.04
Sierra Leone;1/01/21;982.0;3.0;43.77
Sierra Leone;1/02/21;196.0;0.0;56.48
Singapore;1/04/20;15243.0;12.0;69.25
Singapore;1/05/20;18715.0;8.0;74.46
Singapore;1/06/20;9023.0;3.0;60.06
Singapore;1/07/20;8298.0;1.0;50.93
Singapore;1/08/20;4607.0;0.0;50.93
Singapore;1/09/20;953.0;0.0;50.93
Singapore;1/10/20;250.0;1.0;48.15
Singapore;1/11/20;203.0;1.0;48.15
Singapore;1/12/20;381.0;0.0;48.15
Singapore;1/01/21;937.0;0.0;51.19
Singapore;1/02/21;185.0;0.0;53.7
Slovakia;1/04/20;1033.0;23.0;76.85
Slovakia;1/05/20;125.0;5.0;73.15
Slovakia;1/06/20;146.0;0.0;43.12
Slovakia;1/07/20;625.0;1.0;37.51
Slovakia;1/08/20;1625.0;4.0;33.75
Slovakia;1/09/20;6224.0;15.0;30.44
Slovakia;1/10/20;47523.0;171.0;57.04
Slovakia;1/11/20;48265.0;620.0;71.29
Slovakia;1/12/20;73614.0;1299.0;62.63
Slovakia;1/01/21;70370.0;2504.0;70.34
Slovakia;1/02/21;14170.0;629.0;73.15
Slovenia;1/04/20;627.0;76.0;88.08
Slovenia;1/05/20;44.0;11.0;62.33
Slovenia;1/06/20;127.0;2.0;39.81
Slovenia;1/07/20;556.0;8.0;43.75
Slovenia;1/08/20;727.0;14.0;50
Slovenia;1/09/20;2807.0;17.0;50
Slovenia;1/10/20;28617.0;188.0;54.92
Slovenia;1/11/20;41507.0;1097.0;68.52
Slovenia;1/12/20;46338.0;1262.0;68.52
Slovenia;1/01/21;44321.0;806.0;71.02
Slovenia;1/02/21;7527.0;132.0;68.52
Somalia;1/04/20;596.0;28.0;58.63
Somalia;1/05/20;1375.0;50.0;59.18
Somalia;1/06/20;948.0;12.0;47.66
Somalia;1/07/20;288.0;3.0;31.48
Somalia;1/08/20;98.0;4.0;20.36
Somalia;1/09/20;256.0;2.0;38.16
Somalia;1/10/20;353.0;3.0;42.46
Somalia;1/11/20;510.0;9.0;37.59
Somalia;1/12/20;263.0;17.0;37.96
Somalia;1/01/21;70.0;0.0;17.59
Somalia;1/02/21;78.0;4.0;21.3
South Africa;1/04/20;4294.0;98.0;87.96
South Africa;1/05/20;27036.0;580.0;84.26
South Africa;1/06/20;118526.0;1974.0;77.71
South Africa;1/07/20;341974.0;5348.0;79.24
South Africa;1/08/20;133858.0;6144.0;77.86
South Africa;1/09/20;47298.0;2585.0;62.03
South Africa;1/10/20;51113.0;2542.0;39.45
South Africa;1/11/20;64552.0;2259.0;39.78
South Africa;1/12/20;267157.0;6934.0;44.5
South Africa;1/01/21;396600.0;15695.0;65.05
South Africa;1/02/21;23750.0;2309.0;72.22
South Korea;1/04/20;988.0;86.0;66.63
South Korea;1/05/20;729.0;23.0;43.56
South Korea;1/06/20;1347.0;11.0;53.67
South Korea;1/07/20;1486.0;19.0;47.2
South Korea;1/08/20;5846.0;23.0;47.77
South Korea;1/09/20;3707.0;91.0;51.03
South Korea;1/10/20;2746.0;51.0;52.55
South Korea;1/11/20;8017.0;60.0;45.15
South Korea;1/12/20;27117.0;391.0;56.7
South Korea;1/01/21;16739.0;508.0;63.18
South Korea;1/02/21;2979.0;57.0;63.89
South Sudan;1/04/20;35.0;0.0;79.63
South Sudan;1/05/20;959.0;10.0;77.66
South Sudan;1/06/20;1013.0;28.0;85.19
South Sudan;1/07/20;315.0;8.0;80.94
South Sudan;1/08/20;205.0;1.0;79.75
South Sudan;1/09/20;177.0;2.0;62.26
South Sudan;1/10/20;201.0;9.0;42.02
South Sudan;1/11/20;204.0;3.0;44.23
South Sudan;1/12/20;449.0;2.0;48.64
South Sudan;1/01/21;371.0;1.0;43.98
South Sudan;1/02/21;680.0;2.0;75.93
Spain;1/04/20;127546.0;15712.0;85.19
Spain;1/05/20;26416.0;4502.0;79.05
Spain;1/06/20;9792.0;1228.0;54.16
Spain;1/07/20;39251.0;90.0;59.07
Spain;1/08/20;171164.0;651.0;62.68
Spain;1/09/20;306330.0;2697.0;61
Spain;1/10/20;416490.0;4087.0;64.75
Spain;1/11/20;462509.0;9191.0;71.3
Spain;1/12/20;280078.0;5768.0;73.41
Spain;1/01/21;814854.0;7482.0;72.07
Spain;1/02/21;245966.0;3976.0;71.3
Sri Lanka;1/04/20;520.0;5.0;90.8
Sri Lanka;1/05/20;970.0;3.0;79.89
Sri Lanka;1/06/20;414.0;1.0;61.17
Sri Lanka;1/07/20;768.0;0.0;52.29
Sri Lanka;1/08/20;234.0;1.0;36.31
Sri Lanka;1/09/20;331.0;1.0;27.64
Sri Lanka;1/10/20;7283.0;7.0;33.3
Sri Lanka;1/11/20;13324.0;98.0;51.55
Sri Lanka;1/12/20;19312.0;86.0;65.48
Sri Lanka;1/01/21;20858.0;112.0;80.74
Sri Lanka;1/02/21;6078.0;49.0;81.94
Sudan;1/04/20;368.0;23.0;83.38
Sudan;1/05/20;4425.0;182.0;87.39
Sudan;1/06/20;4572.0;246.0;87
Sudan;1/07/20;2207.0;126.0;74.91
Sudan;1/08/20;1610.0;71.0;72.26
Sudan;1/09/20;457.0;11.0;58.21
Sudan;1/10/20;158.0;0.0;42.41
Sudan;1/11/20;4241.0;412.0;28.89
Sudan;1/12/20;7455.0;219.0;26.43
Sudan;1/01/21;3880.0;186.0;26.36
Sudan;1/02/21;385.0;24.0;25.93
Suriname;1/04/20;1.0;0.0;71.3
Suriname;1/05/20;13.0;0.0;74.76
Suriname;1/06/20;492.0;11.0;88.15
Suriname;1/07/20;1135.0;13.0;83.55
Suriname;1/08/20;2384.0;45.0;83.75
Suriname;1/09/20;843.0;33.0;82.68
Suriname;1/10/20;326.0;7.0;57.85
Suriname;1/11/20;109.0;6.0;56.89
Suriname;1/12/20;898.0;5.0;62.86
Suriname;1/01/21;2228.0;32.0;67.92
Suriname;1/02/21;252.0;8.0;70.37
Sweden;1/04/20;16410.0;2433.0;64.23
Sweden;1/05/20;17060.0;1809.0;64.81
Sweden;1/06/20;29263.0;938.0;61.48
Sweden;1/07/20;9152.0;410.0;59.26
Sweden;1/08/20;6923.0;80.0;57.61
Sweden;1/09/20;8342.0;80.0;55.56
Sweden;1/10/20;28832.0;54.0;55.56
Sweden;1/11/20;118774.0;743.0;59.25
Sweden;1/12/20;194250.0;2046.0;67.59
Sweden;1/01/21;129578.0;2864.0;69.44
Sweden;1/02/21;21105.0;524.0;69.44
Switzerland;1/04/20;12981.0;1304.0;72.65
Switzerland;1/05/20;1276.0;183.0;61.73
Switzerland;1/06/20;852.0;43.0;44.51
Switzerland;1/07/20;3518.0;18.0;39.2
Switzerland;1/08/20;6945.0;25.0;43.06
Switzerland;1/09/20;11105.0;68.0;43.06
Switzerland;1/10/20;95373.0;290.0;33.31
Switzerland;1/11/20;172821.0;2230.0;58.73
Switzerland;1/12/20;125224.0;2544.0;59.05
Switzerland;1/01/21;69024.0;1503.0;60.19
Switzerland;1/02/21;13833.0;241.0;60.19
Syria;1/04/20;33.0;1.0;85.8
Syria;1/05/20;79.0;1.0;84.33
Syria;1/06/20;157.0;3.0;69.44
Syria;1/07/20;478.0;34.0;69.44
Syria;1/08/20;2008.0;69.0;63.27
Syria;1/09/20;1435.0;88.0;49.91
Syria;1/10/20;1528.0;88.0;47.1
Syria;1/11/20;2159.0;129.0;50.14
Syria;1/12/20;3547.0;294.0;54.17
Syria;1/01/21;2614.0;210.0;53.09
Syria;1/02/21;503.0;37.0;50.46
Taiwan;1/04/20;107.0;1.0;31.48
Taiwan;1/05/20;13.0;0.0;29.89
Taiwan;1/06/20;5.0;0.0;25.23
Taiwan;1/07/20;20.0;0.0;23.15
Taiwan;1/08/20;24.0;0.0;23.15
Taiwan;1/09/20;26.0;0.0;23.15
Taiwan;1/10/20;41.0;0.0;23.15
Taiwan;1/11/20;120.0;0.0;23.15
Taiwan;1/12/20;124.0;0.0;19.44
Taiwan;1/01/21;112.0;1.0;19.44
Taiwan;1/02/21;17.0;1.0;19.44
Tajikistan;1/04/20;15.0;0.0;40.74
Tajikistan;1/05/20;3915.0;47.0;43.67
Tajikistan;1/06/20;1970.0;5.0;59.76
Tajikistan;1/07/20;1509.0;8.0;57.03
Tajikistan;1/08/20;1174.0;8.0;46.74
Tajikistan;1/09/20;1186.0;8.0;34.81
Tajikistan;1/10/20;1248.0;6.0;36.11
Tajikistan;1/11/20;1177.0;4.0;33.42
Tajikistan;1/12/20;1022.0;5.0;35.91
Tajikistan;1/01/21;12.0;0.0;41.35
Tajikistan;1/02/21;0.0;0.0;0
Tanzania;1/04/20;461.0;15.0;49.07
Tanzania;1/05/20;29.0;5.0;50
Tanzania;1/06/20;0.0;0.0;0
Tanzania;1/07/20;0.0;0.0;0
Tanzania;1/08/20;0.0;0.0;0
Tanzania;1/09/20;0.0;0.0;0
Tanzania;1/10/20;0.0;0.0;0
Tanzania;1/11/20;0.0;0.0;0
Tanzania;1/12/20;0.0;0.0;0
Tanzania;1/01/21;0.0;0.0;0
Tanzania;1/02/21;0.0;0.0;0
Thailand;1/04/20;1303.0;44.0;76.26
Thailand;1/05/20;127.0;3.0;75
Thailand;1/06/20;90.0;1.0;63.77
Thailand;1/07/20;141.0;0.0;52.78
Thailand;1/08/20;102.0;0.0;51.17
Thailand;1/09/20;157.0;1.0;46.45
Thailand;1/10/20;222.0;0.0;47.22
Thailand;1/11/20;236.0;1.0;47.91
Thailand;1/12/20;3155.0;3.0;54.92
Thailand;1/01/21;12455.0;14.0;61.46
Thailand;1/02/21;3939.0;2.0;0
Timor;1/04/20;23.0;0.0;77.47
Timor;1/05/20;0.0;0.0;0
Timor;1/06/20;0.0;0.0;0
Timor;1/07/20;0.0;0.0;0
Timor;1/08/20;3.0;0.0;29.63
Timor;1/09/20;1.0;0.0;29.63
Timor;1/10/20;2.0;0.0;29.63
Timor;1/11/20;0.0;0.0;0
Timor;1/12/20;14.0;0.0;30.55
Timor;1/01/21;26.0;0.0;51.11
Timor;1/02/21;10.0;0.0;46.3
Togo;1/04/20;82.0;5.0;72.98
Togo;1/05/20;326.0;4.0;73.15
Togo;1/06/20;208.0;1.0;59.12
Togo;1/07/20;291.0;5.0;52.31
Togo;1/08/20;459.0;9.0;46.85
Togo;1/09/20;384.0;20.0;49.19
Togo;1/10/20;547.0;9.0;53.79
Togo;1/11/20;643.0;7.0;52.9
Togo;1/12/20;659.0;4.0;58.75
Togo;1/01/21;1441.0;9.0;49.26
Togo;1/02/21;422.0;3.0;37.5
Trinidad and Tobago;1/04/20;29.0;5.0;80.48
Trinidad and Tobago;1/05/20;1.0;0.0;87.04
Trinidad and Tobago;1/06/20;13.0;0.0;64.58
Trinidad and Tobago;1/07/20;39.0;0.0;60.19
Trinidad and Tobago;1/08/20;1590.0;14.0;70.37
Trinidad and Tobago;1/09/20;2772.0;54.0;80.56
Trinidad and Tobago;1/10/20;1161.0;32.0;72.31
Trinidad and Tobago;1/11/20;977.0;12.0;65.74
Trinidad and Tobago;1/12/20;481.0;7.0;67.89
Trinidad and Tobago;1/01/21;414.0;7.0;68.52
Trinidad and Tobago;1/02/21;52.0;1.0;0
Tunisia;1/04/20;600.0;31.0;90.74
Tunisia;1/05/20;83.0;6.0;84.74
Tunisia;1/06/20;97.0;2.0;36.24
Tunisia;1/07/20;361.0;0.0;26.85
Tunisia;1/08/20;2268.0;27.0;24.87
Tunisia;1/09/20;14610.0;188.0;25
Tunisia;1/10/20;41400.0;1052.0;55.34
Tunisia;1/11/20;36956.0;1943.0;65.54
Tunisia;1/12/20;42371.0;1416.0;69.61
Tunisia;1/01/21;69745.0;2078.0;71.16
Tunisia;1/02/21;8868.0;503.0;0
Turkey;1/04/20;106673.0;2960.0;76.17
Turkey;1/05/20;43738.0;1366.0;75.93
Turkey;1/06/20;35964.0;591.0;63.89
Turkey;1/07/20;30967.0;560.0;57.01
Turkey;1/08/20;39260.0;679.0;47.43
Turkey;1/09/20;48530.0;1825.0;63.71
Turkey;1/10/20;56704.0;2057.0;69.78
Turkey;1/11/20;263480.0;3494.0;63.85
Turkey;1/12/20;746580.0;6915.0;63.91
Turkey;1/01/21;268811.0;5112.0;71.64
Turkey;1/02/21;62096.0;907.0;68.06
Uganda;1/04/20;40.0;0.0;93.52
Uganda;1/05/20;438.0;0.0;87.53
Uganda;1/06/20;472.0;0.0;82.99
Uganda;1/07/20;265.0;3.0;81.75
Uganda;1/08/20;1818.0;29.0;80.13
Uganda;1/09/20;5157.0;43.0;79.53
Uganda;1/10/20;4366.0;36.0;67.62
Uganda;1/11/20;7964.0;94.0;51.51
Uganda;1/12/20;14757.0;46.0;49.81
Uganda;1/01/21;4363.0;73.0;48.5
Uganda;1/02/21;281.0;3.0;47.45
Ukraine;1/04/20;9761.0;244.0;88.89
Ukraine;1/05/20;13266.0;447.0;87.09
Ukraine;1/06/20;21582.0;465.0;64.03
Ukraine;1/07/20;26150.0;544.0;41.67
Ukraine;1/08/20;52728.0;888.0;58.34
Ukraine;1/09/20;90314.0;1616.0;63.6
Ukraine;1/10/20;184884.0;3178.0;58.8
Ukraine;1/11/20;353013.0;5332.0;60.46
Ukraine;1/12/20;334654.0;6550.0;58.65
Ukraine;1/01/21;174549.0;4579.0;59.7
Ukraine;1/02/21;29479.0;1024.0;54.63
United Arab Emirates;1/04/20;11817.0;99.0;87.61
United Arab Emirates;1/05/20;22076.0;159.0;74.43
United Arab Emirates;1/06/20;14110.0;51.0;72.22
United Arab Emirates;1/07/20;11839.0;36.0;45.61
United Arab Emirates;1/08/20;9725.0;33.0;43.4
United Arab Emirates;1/09/20;23959.0;35.0;45.55
United Arab Emirates;1/10/20;38439.0;76.0;50.57
United Arab Emirates;1/11/20;36231.0;77.0;46.11
United Arab Emirates;1/12/20;38962.0;97.0;49.07
United Arab Emirates;1/01/21;95787.0;181.0;50.09
United Arab Emirates;1/02/21;25684.0;80.0;58.39
United Kingdom;1/04/20;139956.0;24297.0;79.63
United Kingdom;1/05/20;78768.0;10773.0;74.22
United Kingdom;1/06/20;27677.0;2952.0;70.86
United Kingdom;1/07/20;19577.0;795.0;65.38
United Kingdom;1/08/20;33290.0;315.0;67.63
United Kingdom;1/09/20;117763.0;644.0;65.56
United Kingdom;1/10/20;558947.0;4412.0;67.89
United Kingdom;1/11/20;618940.0;11900.0;70.64
United Kingdom;1/12/20;862498.0;15077.0;70.38
United Kingdom;1/01/21;1331952.0;32745.0;80.88
United Kingdom;1/02/21;143132.0;6647.0;81.48
United States;1/06/20;843368.0;20088.0;70.71
United States;1/07/20;1924850.0;26577.0;68.26
United States;1/08/20;1458662.0;29571.0;67.13
United States;1/09/20;1206239.0;23479.0;64.19
United States;1/10/20;1926939.0;24143.0;64.05
United States;1/02/21;910314.0;22426.0;68.98
Uruguay;1/04/20;326.0;16.0;65.77
Uruguay;1/05/20;180.0;5.0;61.11
Uruguay;1/06/20;113.0;5.0;56.92
Uruguay;1/07/20;328.0;8.0;29.39
Uruguay;1/08/20;331.0;9.0;29.42
Uruguay;1/09/20;451.0;4.0;37.96
Uruguay;1/10/20;1078.0;10.0;43.52
Uruguay;1/11/20;2733.0;19.0;43.52
Uruguay;1/12/20;13262.0;104.0;57.61
Uruguay;1/01/21;22619.0;255.0;66.78
Uruguay;1/02/21;3912.0;61.0;64.81
Uzbekistan;1/04/20;1867.0;7.0;91.29
Uzbekistan;1/05/20;1584.0;6.0;89.3
Uzbekistan;1/06/20;4880.0;11.0;72.06
Uzbekistan;1/07/20;15506.0;115.0;69.8
Uzbekistan;1/08/20;17884.0;179.0;61.46
Uzbekistan;1/09/20;14824.0;150.0;44.38
Uzbekistan;1/10/20;10215.0;96.0;41.96
Uzbekistan;1/11/20;6162.0;44.0;39.81
Uzbekistan;1/12/20;3966.0;4.0;40.83
Uzbekistan;1/01/21;1651.0;7.0;41.97
Uzbekistan;1/02/21;451.0;0.0;0
Venezuela;1/04/20;198.0;13.0;82.41
Venezuela;1/05/20;1175.0;4.0;84.19
Venezuela;1/06/20;4322.0;37.0;81.11
Venezuela;1/07/20;12742.0;113.0;86.74
Venezuela;1/08/20;28154.0;222.0;85.03
Venezuela;1/09/20;28394.0;242.0;82.96
Venezuela;1/10/20;16891.0;170.0;86.35
Venezuela;1/11/20;10381.0;99.0;86.11
Venezuela;1/12/20;11164.0;131.0;85.93
Venezuela;1/01/21;13369.0;161.0;86.55
Venezuela;1/02/21;3669.0;51.0;87.96
Vietnam;1/04/20;58.0;0.0;94.39
Vietnam;1/05/20;58.0;0.0;70.78
Vietnam;1/06/20;27.0;0.0;62.87
Vietnam;1/07/20;203.0;3.0;60.43
Vietnam;1/08/20;481.0;32.0;77.18
Vietnam;1/09/20;50.0;0.0;70.87
Vietnam;1/10/20;86.0;0.0;55.56
Vietnam;1/11/20;167.0;0.0;45.35
Vietnam;1/12/20;118.0;0.0;53.46
Vietnam;1/01/21;352.0;0.0;58.66
Vietnam;1/02/21;233.0;0.0;67.59
Yemen;1/04/20;6.0;0.0;40.74
Yemen;1/05/20;317.0;76.0;56.94
Yemen;1/06/20;835.0;232.0;58.33
Yemen;1/07/20;570.0;176.0;42.22
Yemen;1/08/20;231.0;61.0;31.48
Yemen;1/09/20;76.0;19.0;29.02
Yemen;1/10/20;29.0;6.0;32.75
Yemen;1/11/20;14.0;2.0;16.67
Yemen;1/12/20;22.0;2.0;21.37
Yemen;1/01/21;22.0;1.0;27.78
Yemen;1/02/21;10.0;0.0;27.78
Zambia;1/04/20;71.0;3.0;60.88
Zambia;1/05/20;951.0;4.0;52.35
Zambia;1/06/20;537.0;17.0;43.08
Zambia;1/07/20;4369.0;127.0;50.93
Zambia;1/08/20;6134.0;137.0;50.21
Zambia;1/09/20;2662.0;44.0;48.98
Zambia;1/10/20;1673.0;17.0;45.84
Zambia;1/11/20;1215.0;8.0;45.37
Zambia;1/12/20;3078.0;31.0;47.51
Zambia;1/01/21;33492.0;375.0;49.07
Zambia;1/02/21;9356.0;106.0;0
Zimbabwe;1/04/20;32.0;1.0;87.96
Zimbabwe;1/05/20;144.0;0.0;87.96
Zimbabwe;1/06/20;413.0;3.0;72.88
Zimbabwe;1/07/20;2578.0;60.0;74.72
Zimbabwe;1/08/20;3328.0;135.0;80.56
Zimbabwe;1/09/20;1341.0;26.0;78.36
Zimbabwe;1/10/20;529.0;15.0;71.3
Zimbabwe;1/11/20;1583.0;33.0;68.61
Zimbabwe;1/12/20;3917.0;87.0;68.45
Zimbabwe;1/01/21;19521.0;854.0;83.51
Zimbabwe;1/02/21;1270.0;122.0;84.26